{
"type": "FeatureCollection",
"name": "NMC_boundary_WGS84",
"crs": { "type": "name", "properties": { "name": "urn:ogc:def:crs:OGC:1.3:CRS84" } },
"features": [
{ "type": "Feature", "properties": { }, "geometry": { "type": "Polygon", "coordinates": [ [ [ 78.994989841772394, 21.166676361833392 ], [ 78.99527916904745, 21.1671550616079 ], [ 78.99528159566826, 21.167159340179534 ], [ 78.995283774092798, 21.167163734697677 ], [ 78.995285698047169, 21.167168232506121 ], [ 78.995492522622783, 21.167691991103116 ], [ 78.995493035546588, 21.167693184287558 ], [ 78.995493690077907, 21.167694314878254 ], [ 78.995803635219971, 21.168195055202279 ], [ 78.995806077484275, 21.168199253040029 ], [ 78.995808279412202, 21.168203566260903 ], [ 78.995810234828909, 21.168207982769349 ], [ 78.995811938250796, 21.168212490180192 ], [ 78.995813384900927, 21.168217075853335 ], [ 78.995814570722487, 21.16822172692919 ], [ 78.995815492390008, 21.168226430364776 ], [ 78.99591713150329, 21.168835390472623 ], [ 78.995917324063015, 21.168836394877264 ], [ 78.995917612628475, 21.168837378843282 ], [ 78.996494144594067, 21.170642487244301 ], [ 78.996494530014331, 21.170643589961372 ], [ 78.99649497538384, 21.17064467262783 ], [ 78.99756158757981, 21.173051275034368 ], [ 78.997563238121685, 21.173055263070161 ], [ 78.997564685451039, 21.173059319948948 ], [ 78.997565926319936, 21.173063436566672 ], [ 78.997566957943704, 21.173067603685269 ], [ 78.998235558906771, 21.176091709544824 ], [ 78.998235827690507, 21.176092790447285 ], [ 78.998236369687135, 21.176093777096376 ], [ 79.000317700207546, 21.179663471320886 ], [ 79.000318324178991, 21.179664478442163 ], [ 79.000319365012786, 21.179665113891222 ], [ 79.002196512421065, 21.180747115481918 ], [ 79.002198927825219, 21.180748418911126 ], [ 79.004634986274723, 21.181976338627834 ], [ 79.00463610613258, 21.181976868028666 ], [ 79.004637352500779, 21.181976737884465 ], [ 79.005877315194709, 21.181816240418485 ], [ 79.005879487929747, 21.181815982758167 ], [ 79.006990119023854, 21.181696290700327 ], [ 79.006995609024003, 21.181695847880913 ], [ 79.00700111704262, 21.18169570033886 ], [ 79.008773575129922, 21.181695799876564 ], [ 79.008778421789543, 21.181695914602496 ], [ 79.010473863113731, 21.181776136750102 ], [ 79.010475195635763, 21.181776164997963 ], [ 79.010476485253847, 21.181775849150515 ], [ 79.011604102763258, 21.181468026832096 ], [ 79.011605283710267, 21.181467673087276 ], [ 79.011606212852044, 21.181466903328239 ], [ 79.012890768902523, 21.180345820840625 ], [ 79.012894628660462, 21.180342628427127 ], [ 79.01289866476138, 21.180339633989334 ], [ 79.012902865675684, 21.180336846081193 ], [ 79.012907219403019, 21.180334272666666 ], [ 79.012911713506483, 21.180331921096993 ], [ 79.012916335148176, 21.180329798089687 ], [ 79.012921071125874, 21.180327909709344 ], [ 79.012925907910741, 21.180326261350341 ], [ 79.012930831685978, 21.180324857721381 ], [ 79.012935828386304, 21.180323702832087 ], [ 79.012940883738096, 21.180322799981532 ], [ 79.012945983300199, 21.180322151748811 ], [ 79.012951112505149, 21.180321759985663 ], [ 79.012956256700846, 21.18032162581121 ], [ 79.012961401192314, 21.18032174960873 ], [ 79.01296653128378, 21.180322131024592 ], [ 79.012971632320586, 21.180322768969233 ], [ 79.012976689731062, 21.180323661620314 ], [ 79.01298168906817, 21.180324806427862 ], [ 79.012986616050767, 21.18032620012163 ], [ 79.013845447868235, 21.180592818422479 ], [ 79.0138501859185, 21.180594419422533 ], [ 79.013854828235253, 21.180596250587097 ], [ 79.013859362118254, 21.180598306906575 ], [ 79.013863775163898, 21.180600582755357 ], [ 79.013868055299184, 21.180603071907285 ], [ 79.013872190814681, 21.180605767552649 ], [ 79.013876170396614, 21.180608662316818 ], [ 79.013879983157807, 21.180611748280434 ], [ 79.013883618667478, 21.180615017001045 ], [ 79.013887066979748, 21.18061845953623 ], [ 79.013890318660827, 21.180622066468047 ], [ 79.013893364814905, 21.180625827928807 ], [ 79.013896197108451, 21.180629733628077 ], [ 79.013898807792927, 21.1806337728808 ], [ 79.014387183380904, 21.181435987136602 ], [ 79.014387825308759, 21.181436981047341 ], [ 79.014388716624339, 21.181437788202135 ], [ 79.014776479951777, 21.181771223416806 ], [ 79.014780378097655, 21.181774770297718 ], [ 79.014784056816538, 21.181778517678396 ], [ 79.014787504404154, 21.181782453636121 ], [ 79.015647928835008, 21.182823267167265 ], [ 79.015648675430313, 21.18282412310781 ], [ 79.015648797043724, 21.182823023133057 ], [ 79.015735024600204, 21.181777314407128 ], [ 79.015735135744478, 21.181775483475334 ], [ 79.015797528614684, 21.180175629590465 ], [ 79.01579784843446, 21.180170871525327 ], [ 79.015798435531664, 21.180166135920743 ], [ 79.015799288270074, 21.180161435974899 ], [ 79.015800404273023, 21.180156784786593 ], [ 79.015801780430209, 21.180152195318737 ], [ 79.015803412906237, 21.180147680362222 ], [ 79.015805297151346, 21.180143252500262 ], [ 79.01580742791414, 21.180138924073358 ], [ 79.015809799256104, 21.180134707144884 ], [ 79.01581240456828, 21.180130613467437 ], [ 79.015815236589646, 21.180126654450145 ], [ 79.01581828742728, 21.180122841126821 ], [ 79.015821548578501, 21.180119184125225 ], [ 79.015825010954401, 21.18011569363745 ], [ 79.015828664905328, 21.180112379391524 ], [ 79.018952705195531, 21.177424696297994 ], [ 79.018956468113885, 21.17742162340533 ], [ 79.018960395694918, 21.177418737464581 ], [ 79.018964477392274, 21.177416046225087 ], [ 79.018968702245729, 21.177413556913393 ], [ 79.018973058910674, 21.177411276213803 ], [ 79.018977535688578, 21.177409210250481 ], [ 79.018982120558363, 21.17740736457095 ], [ 79.018986801208683, 21.177405744131242 ], [ 79.018991565071076, 21.177404353282586 ], [ 79.018996399353554, 21.177403195759688 ], [ 79.019001291075085, 21.17740227467074 ], [ 79.019006227100377, 21.177401592489058 ], [ 79.019011194175221, 21.177401151046436 ], [ 79.019016178961976, 21.177400951528249 ], [ 79.019021168075469, 21.177400994470233 ], [ 79.019026148118897, 21.177401279757088 ], [ 79.019031105719847, 21.177401806622782 ], [ 79.019036027566116, 21.177402573652543 ], [ 79.019040900441553, 21.177403578786752 ], [ 79.019045711261469, 21.177404819326419 ], [ 79.01905044710783, 21.177406291940454 ], [ 79.019055095263894, 21.17740799267456 ], [ 79.01905964324844, 21.177409916961942 ], [ 79.019064078849141, 21.177412059635486 ], [ 79.01906839015551, 21.177414414941669 ], [ 79.021325740075085, 21.178722218716292 ], [ 79.021330176119847, 21.178724949903387 ], [ 79.021334445006119, 21.178727906156883 ], [ 79.021338533768017, 21.178731078497762 ], [ 79.021342429986774, 21.178734457290684 ], [ 79.021346121828387, 21.178738032273269 ], [ 79.022661653703111, 21.180084233983401 ], [ 79.022662521667556, 21.180085077054645 ], [ 79.022663518817538, 21.180085783322149 ], [ 79.024002496210343, 21.180983826772504 ], [ 79.024003503863057, 21.180984466631784 ], [ 79.024004634459104, 21.180984044530927 ], [ 79.025445718788447, 21.180405461136196 ], [ 79.025450302694111, 21.180403749670656 ], [ 79.025454974053304, 21.180402260678406 ], [ 79.025459720600892, 21.180400998068929 ], [ 79.025464529874341, 21.180399965157356 ], [ 79.025469389246396, 21.1803991646557 ], [ 79.025474285958282, 21.180398598665754 ], [ 79.025479207153168, 21.180398268673581 ], [ 79.025484139909963, 21.180398175545633 ], [ 79.025489071277192, 21.180398319526414 ], [ 79.025493988307062, 21.180398700237895 ], [ 79.025498878089394, 21.180399316680475 ], [ 79.025503727785562, 21.180400167235618 ], [ 79.025508524662186, 21.180401249670112 ], [ 79.025513256124569, 21.180402561141918 ], [ 79.025517909749766, 21.180404098207635 ], [ 79.025522473319214, 21.180405856831534 ], [ 79.025526934850774, 21.180407832396163 ], [ 79.025531282630212, 21.180410019714486 ], [ 79.025535505242019, 21.180412413043463 ], [ 79.025539591599241, 21.180415006099171 ], [ 79.025543530972726, 21.180417792073257 ], [ 79.025547313019231, 21.180420763650879 ], [ 79.025550927808609, 21.180423913029838 ], [ 79.025852600012868, 21.180700581821544 ], [ 79.025855913914512, 21.180703774805366 ], [ 79.025859055854895, 21.180707117217736 ], [ 79.026236559764484, 21.181129260411257 ], [ 79.026237421375413, 21.181130172414726 ], [ 79.026238612264009, 21.181130659480118 ], [ 79.026981582986167, 21.181412262922333 ], [ 79.026983015292018, 21.181412756801549 ], [ 79.026984478120283, 21.181413164457904 ], [ 79.028321411477052, 21.181742804205911 ], [ 79.028322190173412, 21.181742989699817 ], [ 79.030317165226862, 21.182201616145015 ], [ 79.030318399182036, 21.182201867617362 ], [ 79.030319619055732, 21.182201561621724 ], [ 79.03147379424513, 21.181881187750509 ], [ 79.031478459961491, 21.181880011190842 ], [ 79.031483182729616, 21.18187905561744 ], [ 79.031487950658814, 21.181878323436191 ], [ 79.031492751744665, 21.181877816490537 ], [ 79.031497573899273, 21.181877536056849 ], [ 79.031502404981694, 21.181877482841166 ], [ 79.032767772914738, 21.181893319312255 ], [ 79.032772680912004, 21.181893498225278 ], [ 79.032777572796107, 21.181893911643517 ], [ 79.032782435837802, 21.181894558491226 ], [ 79.032787257382907, 21.181895437085231 ], [ 79.032792024885268, 21.181896545139328 ], [ 79.032796725939264, 21.181897879770244 ], [ 79.032801348312248, 21.181899437505116 ], [ 79.032805879976294, 21.181901214290555 ], [ 79.032810309139492, 21.181903205503172 ], [ 79.032814624276668, 21.18190540596159 ], [ 79.032818814159327, 21.181907809939997 ], [ 79.032822867884931, 21.181910411182962 ], [ 79.033302073001636, 21.182235045817215 ], [ 79.033306098509655, 21.182237926910865 ], [ 79.033309956960167, 21.182241002503989 ], [ 79.033313637682113, 21.18224426409061 ], [ 79.033317130495917, 21.182247702650368 ], [ 79.033320425741721, 21.182251308673472 ], [ 79.033323514306076, 21.182255072186958 ], [ 79.033326387647108, 21.182258982782329 ], [ 79.033329037818177, 21.18226302964429 ], [ 79.033331457489851, 21.1822672015807 ], [ 79.033954935476743, 21.183412962587948 ], [ 79.033955514671732, 21.183413962407855 ], [ 79.033956645211745, 21.183413549561187 ], [ 79.036672807110989, 21.182345188490704 ], [ 79.036677474138344, 21.182343485184411 ], [ 79.036682229276138, 21.182342011762898 ], [ 79.03668705966156, 21.182340772211813 ], [ 79.036691952228196, 21.182339769884205 ], [ 79.036696893741535, 21.182339007491404 ], [ 79.036701870834577, 21.182338487095702 ], [ 79.036706870044114, 21.182338210104795 ], [ 79.036711877847125, 21.182338177267962 ], [ 79.036716880697313, 21.182338388674026 ], [ 79.036721865061779, 21.182338843751126 ], [ 79.036726817457676, 21.182339541268259 ], [ 79.036731724488561, 21.18234047933862 ], [ 79.036736572880756, 21.182341655424711 ], [ 79.03674134951919, 21.182343066345165 ], [ 79.036746041482871, 21.182344708283388 ], [ 79.036750636079873, 21.182346576797897 ], [ 79.036755120881651, 21.182348666834287 ], [ 79.036759483756626, 21.182350972738934 ], [ 79.036763712903067, 21.182353488274288 ], [ 79.03676779688098, 21.182356206635728 ], [ 79.036771724643032, 21.182359120469997 ], [ 79.036775485564505, 21.182362221895062 ], [ 79.036779069471905, 21.182365502521467 ], [ 79.036782466670658, 21.182368953474978 ], [ 79.036785667971174, 21.18237256542065 ], [ 79.036788664713839, 21.182376328588031 ], [ 79.036791448792286, 21.182380232797616 ], [ 79.036794012675486, 21.182384267488366 ], [ 79.036796349428016, 21.1823884217463 ], [ 79.03924093993578, 21.187022393533301 ], [ 79.039242821380483, 21.187026177529837 ], [ 79.039244514330292, 21.187030039040362 ], [ 79.039246015166583, 21.187033969811029 ], [ 79.039247320681341, 21.187037961439966 ], [ 79.040849114552515, 21.192372142276156 ], [ 79.040850317143779, 21.192376574048861 ], [ 79.040851278978081, 21.192381057232421 ], [ 79.04085199758903, 21.192385580331006 ], [ 79.04085247113396, 21.192390131746446 ], [ 79.040852698398552, 21.192394699807977 ], [ 79.04085267880005, 21.192399272802124 ], [ 79.040852412388674, 21.192403839002772 ], [ 79.040851899847553, 21.192408386701235 ], [ 79.040851142490908, 21.192412904236257 ], [ 79.040850142260751, 21.192417380023922 ], [ 79.040848901721859, 21.192421802587386 ], [ 79.040847424055215, 21.192426160586251 ], [ 79.039449030667271, 21.196215233104155 ], [ 79.039448635821245, 21.196216405736916 ], [ 79.039448593320969, 21.196217634799179 ], [ 79.039433762116943, 21.198959119894674 ], [ 79.039433614268816, 21.198963684904534 ], [ 79.039433220509864, 21.198968237066985 ], [ 79.039432581847151, 21.198972764739498 ], [ 79.03943169991409, 21.19897725634215 ], [ 79.039430576966268, 21.198981700387279 ], [ 79.038322414753921, 21.202920381323121 ], [ 79.038322134373644, 21.202921492492322 ], [ 79.038322909450287, 21.202922373135269 ], [ 79.039992004993721, 21.204722759358642 ], [ 79.03999485136373, 21.204725977067746 ], [ 79.039997535879053, 21.204729314862995 ], [ 79.040000052786453, 21.204732765591132 ], [ 79.042160366695327, 21.207846842971513 ], [ 79.042161129696197, 21.207847878363829 ], [ 79.042162011019144, 21.207848827548613 ], [ 79.043875850819717, 21.209593735439711 ], [ 79.043876716076184, 21.209594571607184 ], [ 79.04387793943333, 21.209594775318269 ], [ 79.046541695215979, 21.209971542749766 ], [ 79.046542504250837, 21.209971660475041 ], [ 79.05132618086931, 21.210687217656591 ], [ 79.051327383195854, 21.210687367962166 ], [ 79.051327990165021, 21.210686383194325 ], [ 79.053022564047097, 21.207766699963763 ], [ 79.053025078632047, 21.207762624130197 ], [ 79.053027816350621, 21.207758676744557 ], [ 79.053030769759786, 21.207754868538533 ], [ 79.05303393083021, 21.207751209865421 ], [ 79.053037290967879, 21.207747710671999 ], [ 79.054635502567464, 21.206168163926709 ], [ 79.054638966419731, 21.206164910484425 ], [ 79.054642602345155, 21.206161826561623 ], [ 79.054646400921058, 21.206158920150415 ], [ 79.054650352303298, 21.206156198782875 ], [ 79.054654446251689, 21.206153669511544 ], [ 79.05465867215662, 21.206151338891118 ], [ 79.054663019066481, 21.206149212961488 ], [ 79.054667475716073, 21.206147297232093 ], [ 79.054672030555835, 21.206145596667625 ], [ 79.054676671781706, 21.206144115675148 ], [ 79.054681387365775, 21.206142858092718 ], [ 79.054686165087432, 21.206141827179412 ], [ 79.054690992565014, 21.206141025606883 ], [ 79.054695857287953, 21.206140455452442 ], [ 79.054700746649104, 21.206140118193652 ], [ 79.054705647977528, 21.206140014704559 ], [ 79.057093586250787, 21.206146590074866 ], [ 79.057100802793371, 21.206146863863843 ], [ 79.057423576133118, 21.206170503044305 ], [ 79.057424897793453, 21.206170565518715 ], [ 79.057426202002432, 21.206170355279752 ], [ 79.060021252978046, 21.205682575792199 ], [ 79.060025982393327, 21.205681801240019 ], [ 79.06003074709551, 21.205681248677642 ], [ 79.060035535243017, 21.205680919478333 ], [ 79.060040334936033, 21.205680814460237 ], [ 79.064737246382577, 21.205687798153484 ], [ 79.064738485773432, 21.205687769716757 ], [ 79.064739344659927, 21.20568693132353 ], [ 79.065224452895237, 21.205188027284127 ], [ 79.065227979068538, 21.205184587866391 ], [ 79.065231694022813, 21.205181327882663 ], [ 79.065235587389211, 21.205178256431964 ], [ 79.065239648300874, 21.205175382087031 ], [ 79.065243865423341, 21.205172712870514 ], [ 79.065248226986128, 21.205170256232496 ], [ 79.065252720815622, 21.205168019029735 ], [ 79.065257334368994, 21.20516600750652 ], [ 79.065262054769335, 21.205164227277248 ], [ 79.065266868841434, 21.205162683310725 ], [ 79.065271763148672, 21.205161379916362 ], [ 79.065276724030497, 21.205160320732066 ], [ 79.065281737640504, 21.205159508714157 ], [ 79.065286789985137, 21.20515894612906 ], [ 79.065291866962738, 21.205158634547015 ], [ 79.065296954402896, 21.205158574837697 ], [ 79.065302038105983, 21.205158767167752 ], [ 79.065307103882787, 21.205159211000375 ], [ 79.065312137594191, 21.205159905096767 ], [ 79.065317125190475, 21.205160847519643 ], [ 79.065322052750744, 21.205162035638594 ], [ 79.065326906521577, 21.205163466137439 ], [ 79.065331672955566, 21.205165135023488 ], [ 79.065336338749049, 21.205167037638706 ], [ 79.065340890879227, 21.205169168672679 ], [ 79.065345316640617, 21.205171522177441 ], [ 79.065349603680403, 21.205174091584098 ], [ 79.065353740032918, 21.205176869721139 ], [ 79.065357714153151, 21.205179848834469 ], [ 79.065361514948876, 21.205183020609038 ], [ 79.065365131811589, 21.20518637619206 ], [ 79.065368554646213, 21.205189906217722 ], [ 79.065371773899216, 21.205193600833304 ], [ 79.065374780585245, 21.205197449726722 ], [ 79.065377566312307, 21.205201442155253 ], [ 79.065380123305076, 21.205205566975586 ], [ 79.065382444426675, 21.205209812674848 ], [ 79.065384523198546, 21.205214167402811 ], [ 79.065386353818582, 21.20521861900491 ], [ 79.065387931177284, 21.205223155056206 ], [ 79.065389250872045, 21.205227762896051 ], [ 79.065445605949321, 21.20544755317524 ], [ 79.065445927948815, 21.20544867880556 ], [ 79.065447034361284, 21.205449209591315 ], [ 79.066039492475824, 21.205715359222676 ], [ 79.066043951241099, 21.205717497617524 ], [ 79.066048285434348, 21.205719850479625 ], [ 79.066052483334843, 21.205722411446281 ], [ 79.066056533590469, 21.205725173592036 ], [ 79.066060425248367, 21.205728129447376 ], [ 79.06606414778453, 21.20573127101898 ], [ 79.066067691132318, 21.205734589811261 ], [ 79.066071045709677, 21.205738076849435 ], [ 79.066074202445009, 21.205741722703713 ], [ 79.066077152801711, 21.205745517514821 ], [ 79.066079888801312, 21.205749451020694 ], [ 79.066082403044987, 21.205753512584174 ], [ 79.066084688733596, 21.20575769122183 ], [ 79.066086739686071, 21.205761975633607 ], [ 79.066088550356113, 21.205766354233443 ], [ 79.0662866788918, 21.206285097451595 ], [ 79.066287102792117, 21.206286122740885 ], [ 79.066287599741685, 21.206285126716018 ], [ 79.066302567085756, 21.206252981678368 ], [ 79.066304742331383, 21.206248629585456 ], [ 79.066307161411416, 21.206244392180771 ], [ 79.066309817473666, 21.206240281466982 ], [ 79.066312702994708, 21.206236309087863 ], [ 79.066315809801168, 21.206232486295335 ], [ 79.066319129092861, 21.206228823917638 ], [ 79.066322651467729, 21.2062253323286 ], [ 79.066326366948488, 21.206222021418316 ], [ 79.066330265010862, 21.206218900565073 ], [ 79.06633433461343, 21.206215978608835 ], [ 79.066338564228843, 21.206213263826157 ], [ 79.066342941876513, 21.206210763906764 ], [ 79.066347455156617, 21.206208485931818 ], [ 79.06635209128504, 21.206206436353753 ], [ 79.066356837129774, 21.206204620978109 ], [ 79.066361679248018, 21.206203044946989 ], [ 79.066366603924237, 21.206201712724592 ], [ 79.066371597209113, 21.206200628084488 ], [ 79.066376644958936, 21.206199794098964 ], [ 79.066381732875755, 21.206199213130326 ], [ 79.066386846547829, 21.206198886824183 ], [ 79.066391971490461, 21.206198816104827 ], [ 79.066397093187035, 21.206199001172571 ], [ 79.066402197130174, 21.206199441503202 ], [ 79.066407268862676, 21.206200135849471 ], [ 79.066412294018704, 21.206201082244604 ], [ 79.067076077528299, 21.206343423209159 ], [ 79.067083247870656, 21.206345236238249 ], [ 79.067644559450414, 21.206509179259566 ], [ 79.067646011207188, 21.206509556919034 ], [ 79.067647485334518, 21.206509848585696 ], [ 79.069696465743306, 21.206852753038632 ], [ 79.069701074277774, 21.206853633661456 ], [ 79.069705631468139, 21.206854724224833 ], [ 79.069710126445386, 21.206856022127734 ], [ 79.069714548488832, 21.206857524274646 ], [ 79.069718887051806, 21.206859227082894 ], [ 79.070169484595411, 21.207048331893898 ], [ 79.070170606806954, 21.207048771156462 ], [ 79.070171821878674, 21.207048816936766 ], [ 79.071042517326802, 21.207060883612776 ], [ 79.071043696852527, 21.207060872786755 ], [ 79.071044851425697, 21.207060646220288 ], [ 79.071628713223063, 21.206931959152033 ], [ 79.071633702096364, 21.206930989385075 ], [ 79.071638738679681, 21.206930268387175 ], [ 79.07164380887653, 21.206929798176276 ], [ 79.071648898496377, 21.206929580068405 ], [ 79.071653993294291, 21.20692961467401 ], [ 79.071659079010885, 21.206929901896242 ], [ 79.071664141412171, 21.206930440931224 ], [ 79.071669166329428, 21.206931230270293 ], [ 79.071674139698814, 21.206932267704232 ], [ 79.071679047600796, 21.206933550329467 ], [ 79.071683876299033, 21.206935074556153 ], [ 79.071688612278919, 21.206936836118278 ], [ 79.071693242285306, 21.206938830085534 ], [ 79.071697753359629, 21.206941050877191 ], [ 79.071702132876197, 21.206943492277645 ], [ 79.072376717114238, 21.207342559395691 ], [ 79.072377811879633, 21.207343169490485 ], [ 79.072379068294069, 21.207343364435413 ], [ 79.075790868757522, 21.207785671870354 ], [ 79.075796143889036, 21.207786496248865 ], [ 79.075801362088981, 21.207787593939372 ], [ 79.07580650726662, 21.207788961557043 ], [ 79.075811563556428, 21.207790594884752 ], [ 79.075816515366938, 21.207792488885985 ], [ 79.076396475071434, 21.208032135168668 ], [ 79.07639760022353, 21.208032568279581 ], [ 79.076398731381033, 21.208032149149933 ], [ 79.077249134191234, 21.207693264577625 ], [ 79.077250282966844, 21.207692772947983 ], [ 79.077250676991753, 21.207692498661221 ], [ 79.077253836874235, 21.207690174439449 ], [ 79.07725793924628, 21.207687468203844 ], [ 79.077262186306839, 21.207684965925232 ], [ 79.077266566535798, 21.207682674391009 ], [ 79.077271068051886, 21.207680599816939 ], [ 79.077275678644796, 21.207678747830254 ], [ 79.077280385808351, 21.207677123454452 ], [ 79.077285176774467, 21.207675731095616 ], [ 79.077290038547702, 21.2076745745305 ], [ 79.077294957940595, 21.207673656896286 ], [ 79.077299921609367, 21.20767298068202 ], [ 79.077304916090142, 21.207672547721945 ], [ 79.077309927835501, 21.207672359190443 ], [ 79.077314943251125, 21.207672415598918 ], [ 79.077319948732807, 21.207672716794352 ], [ 79.07732493070327, 21.207673261959769 ], [ 79.077329875648985, 21.207674049616411 ], [ 79.077334770156867, 21.20767507762778 ], [ 79.077339600950651, 21.20767634320541 ], [ 79.077344354926879, 21.207677842916453 ], [ 79.07734901919045, 21.20767957269295 ], [ 79.077353581089653, 21.207681527842936 ], [ 79.077358028250387, 21.207683703063079 ], [ 79.077362348609782, 21.207686092453141 ], [ 79.077366530448941, 21.207688689531938 ], [ 79.077370562424676, 21.207691487254934 ], [ 79.077374433600284, 21.207694478033346 ], [ 79.077378133475278, 21.207697653754735 ], [ 79.077381652013784, 21.207701005805006 ], [ 79.077384979671805, 21.207704525091785 ], [ 79.07738810742309, 21.207708202069043 ], [ 79.077391026783658, 21.207712026763026 ], [ 79.077393729834753, 21.207715988799333 ], [ 79.077396209244384, 21.207720077430977 ], [ 79.077398458287149, 21.207724281567604 ], [ 79.077400470862557, 21.207728589805548 ], [ 79.077402241511464, 21.207732990458776 ], [ 79.077403765431001, 21.207737471590573 ], [ 79.077405038487555, 21.20774202104592 ], [ 79.077406057227932, 21.207746626484489 ], [ 79.077406818888775, 21.207751275414076 ], [ 79.077407321404095, 21.20775595522451 ], [ 79.077407563410759, 21.207760653221865 ], [ 79.07742037073271, 21.208300965275715 ], [ 79.077420435675748, 21.208302192741062 ], [ 79.077420919074925, 21.208303335063281 ], [ 79.077699503517564, 21.20891251434864 ], [ 79.077700019374561, 21.208913565570466 ], [ 79.077701235939486, 21.208913371600438 ], [ 79.078923527755549, 21.208687489255457 ], [ 79.078928425891775, 21.208686706555206 ], [ 79.078933360557897, 21.208686161789984 ], [ 79.078938318618839, 21.208685856409861 ], [ 79.078943286877106, 21.208685791227698 ], [ 79.078948252108148, 21.208685966416994 ], [ 79.078953201095459, 21.208686381511431 ], [ 79.07895812066576, 21.208687035406115 ], [ 79.078962997724076, 21.208687926360501 ], [ 79.078967819288579, 21.208689052003042 ], [ 79.078972572525174, 21.208690409337471 ], [ 79.078977244781626, 21.20869199475084 ], [ 79.078981823621291, 21.208693804023071 ], [ 79.078986296856101, 21.208695832338211 ], [ 79.078990652579165, 21.208698074297278 ], [ 79.078994879196358, 21.208700523932592 ], [ 79.078998965457203, 21.208703174723688 ], [ 79.079002900484824, 21.208706019614645 ], [ 79.079006673804898, 21.208709051032898 ], [ 79.079010275373534, 21.208712260909383 ], [ 79.079013695604033, 21.208715640700007 ], [ 79.079016925392352, 21.208719181408387 ], [ 79.07901995614138, 21.208722873609819 ], [ 79.079022779783799, 21.208726707476348 ], [ 79.079025388803586, 21.208730672802936 ], [ 79.079027776256012, 21.208734759034613 ], [ 79.079029935786068, 21.208738955294585 ], [ 79.07903186164549, 21.208743250413189 ], [ 79.079033548707955, 21.208747632957603 ], [ 79.079510296834201, 21.210093861560782 ], [ 79.079510723386875, 21.210094966966206 ], [ 79.07951197534868, 21.210094906487406 ], [ 79.079720327907779, 21.21007962928719 ], [ 79.079725317381715, 21.210079385334097 ], [ 79.079730313633291, 21.210079384350387 ], [ 79.079735303216054, 21.2100796263387 ], [ 79.079740272701471, 21.210080110647784 ], [ 79.079745208715082, 21.210080835974207 ], [ 79.07975009797255, 21.210081800365892 ], [ 79.079754927315349, 21.210083001227364 ], [ 79.07975968374619, 21.210084435326724 ], [ 79.079764354464018, 21.210086098804357 ], [ 79.079768926898467, 21.210087987183343 ], [ 79.079773388743703, 21.210090095381453 ], [ 79.079777727991456, 21.210092417724859 ], [ 79.079781932963471, 21.21009494796342 ], [ 79.079785992342821, 21.210097679287454 ], [ 79.079789895204456, 21.210100604346131 ], [ 79.07979363104451, 21.210103715267184 ], [ 79.079797189808659, 21.210107003678161 ], [ 79.079800561919143, 21.210110460728895 ], [ 79.079803738300527, 21.210114077115399 ], [ 79.079806710404171, 21.210117843104808 ], [ 79.079809470231154, 21.210121748561679 ], [ 79.079812010353919, 21.21012578297519 ], [ 79.079814323936176, 21.210129935487462 ], [ 79.079816404751327, 21.210134194922766 ], [ 79.079818247199199, 21.210138549817614 ], [ 79.079819846321158, 21.210142988451615 ], [ 79.080717719253414, 21.212866145253884 ], [ 79.080718125701324, 21.212867270324452 ], [ 79.080719383380341, 21.212867412536912 ], [ 79.082982705840209, 21.213065863167774 ], [ 79.082987610587566, 21.213066412487613 ], [ 79.082992478848155, 21.213067196893405 ], [ 79.082997297815936, 21.213068214321769 ], [ 79.0830020548145, 21.213069462096335 ], [ 79.083006737330464, 21.213070936934805 ], [ 79.083011333046386, 21.213072634957587 ], [ 79.083015829873148, 21.213074551698011 ], [ 79.083020215981705, 21.213076682114039 ], [ 79.08302447983435, 21.21307902060158 ], [ 79.083028610214896, 21.213081561009183 ], [ 79.083032596258263, 21.213084296654259 ], [ 79.083713021092947, 21.213576889331382 ], [ 79.083716934895548, 21.213579879450283 ], [ 79.083720676229433, 21.213583057767085 ], [ 79.083724234814724, 21.213586415548921 ], [ 79.083727600873743, 21.213589943569851 ], [ 79.083730765157782, 21.213593632136153 ], [ 79.083733718972525, 21.213597471113008 ], [ 79.08373645420194, 21.213601449952311 ], [ 79.083738963330632, 21.21360555772166 ], [ 79.083741239464374, 21.213609783134416 ], [ 79.083743276349168, 21.213614114580675 ], [ 79.08374506838841, 21.213618540159217 ], [ 79.083746610658167, 21.213623047710158 ], [ 79.083747898920834, 21.213627624848389 ], [ 79.083748929636698, 21.213632258997613 ], [ 79.083749699973723, 21.213636937424848 ], [ 79.083750207815285, 21.213641647275512 ], [ 79.083750451765965, 21.213646375608626 ], [ 79.083750431155451, 21.213651109432444 ], [ 79.083750146040387, 21.213655835740141 ], [ 79.08374959720409, 21.21366054154554 ], [ 79.08344546091061, 21.215757917127135 ], [ 79.083444636003819, 21.21576265768179 ], [ 79.083443543470779, 21.215767350406381 ], [ 79.08344218640201, 21.215771982026258 ], [ 79.083440568636306, 21.215776539439624 ], [ 79.083438694749944, 21.215781009754593 ], [ 79.083436570043702, 21.215785380325659 ], [ 79.083434200527876, 21.215789638789467 ], [ 79.083431592905271, 21.215793773099787 ], [ 79.08342875455223, 21.215797771561586 ], [ 79.083425693497816, 21.215801622864138 ], [ 79.083422418401014, 21.215805316112963 ], [ 79.083418938526336, 21.215808840860699 ], [ 79.083415263717555, 21.215812187136635 ], [ 79.083411404369869, 21.215815345474901 ], [ 79.083407371400455, 21.21581830694128 ], [ 79.083403176217715, 21.215821063158447 ], [ 79.08339883068885, 21.215823606329685 ], [ 79.083394347106392, 21.215825929260937 ], [ 79.083389738153357, 21.215828025381153 ], [ 79.083385016867453, 21.215829888760883 ], [ 79.083380196604125, 21.215831514129043 ], [ 79.083375290998831, 21.215832896887836 ], [ 79.083370313928398, 21.215834033125752 ], [ 79.083365279471863, 21.215834919628616 ], [ 79.08336020187059, 21.215835553888727 ], [ 79.083355095487946, 21.215835934111908 ], [ 79.083349974768751, 21.215836059222582 ], [ 79.083344854198373, 21.215835928866859 ], [ 79.083241422392717, 21.215830711895556 ], [ 79.083236519975841, 21.215830346718619 ], [ 79.083231643829436, 21.215829747366886 ], [ 79.083226806667184, 21.215828915403041 ], [ 79.083222021101122, 21.215827852996302 ], [ 79.083217299608734, 21.215826562916696 ], [ 79.083212654500485, 21.215825048527879 ], [ 79.083208097887663, 21.215823313778355 ], [ 79.083203641650769, 21.215821363191161 ], [ 79.083199297408683, 21.215819201852117 ], [ 79.083195076488209, 21.215816835396517 ], [ 79.083190989894646, 21.215814269994475 ], [ 79.083187048283023, 21.21581151233481 ], [ 79.083183261930373, 21.215808569607635 ], [ 79.083179640708934, 21.215805449485568 ], [ 79.082053309713302, 21.214784024990887 ], [ 79.082052394440936, 21.21478323753588 ], [ 79.082051284972422, 21.214783761331205 ], [ 79.081688243043644, 21.214966524568869 ], [ 79.081687129368362, 21.214967121997145 ], [ 79.081686754070375, 21.214968272475968 ], [ 79.081307536576006, 21.21625355925049 ], [ 79.081307234933561, 21.216254696811379 ], [ 79.081307764882155, 21.216255758467412 ], [ 79.081470620823524, 21.216560914752723 ], [ 79.081471223678918, 21.216561972364737 ], [ 79.081472454970779, 21.216562296539074 ], [ 79.082104294625239, 21.21671159364362 ], [ 79.082109176524483, 21.2167128762106 ], [ 79.082113979683101, 21.21671439788528 ], [ 79.082118690791617, 21.216716154451142 ], [ 79.082123296795601, 21.216718141040765 ], [ 79.082127784931913, 21.216720352149334 ], [ 79.082132142763967, 21.216722781649914 ], [ 79.082136358216303, 21.216725422810399 ], [ 79.082140419607938, 21.216728268312171 ], [ 79.082144315684815, 21.216731310270397 ], [ 79.082148035650945, 21.216734540255857 ], [ 79.082151569198388, 21.216737949318311 ], [ 79.082154906535678, 21.216741528011301 ], [ 79.082158038415102, 21.216745266418318 ], [ 79.082160956158248, 21.216749154180292 ], [ 79.082163651680077, 21.2167531805243 ], [ 79.082166117511306, 21.216757334293401 ], [ 79.082168346819174, 21.216761603977545 ], [ 79.08217033342622, 21.216765977745503 ], [ 79.0821720718276, 21.216770443477628 ], [ 79.08217355720619, 21.216774988799433 ], [ 79.082174785446, 21.216779601115896 ], [ 79.082175753143574, 21.216784267646343 ], [ 79.082176457617408, 21.21678897545987 ], [ 79.082176896915385, 21.216793711511187 ], [ 79.08217706982019, 21.216798462676756 ], [ 79.082176975852676, 21.216803215791153 ], [ 79.08216463215166, 21.217061061831 ], [ 79.082164291218149, 21.217065613294867 ], [ 79.082163705562934, 21.217070142803767 ], [ 79.082162876680854, 21.217074638796067 ], [ 79.082161806687651, 21.217079089795661 ], [ 79.082160498314437, 21.217083484441304 ], [ 79.082158954900891, 21.217087811515579 ], [ 79.082157180386545, 21.217092059973567 ], [ 79.082155179300855, 21.217096218970994 ], [ 79.082152956751642, 21.217100277891944 ], [ 79.082150518411964, 21.217104226375959 ], [ 79.082147870505707, 21.217108054344457 ], [ 79.081849733415453, 21.217516096223129 ], [ 79.081849034602826, 21.217517110188947 ], [ 79.081848989769867, 21.217518316722039 ], [ 79.081846009662101, 21.217872750871095 ], [ 79.081846030943467, 21.217873886877779 ], [ 79.081846926651579, 21.217874652065394 ], [ 79.08304270106845, 21.218845125960737 ], [ 79.083046335946719, 21.218848231630719 ], [ 79.083049797031734, 21.218851507216293 ], [ 79.083053075300768, 21.2188549441783 ], [ 79.083056162207626, 21.218858533556904 ], [ 79.083059049705057, 21.218862265994936 ], [ 79.083061730265584, 21.218866131762258 ], [ 79.083064196901219, 21.21887012078119 ], [ 79.083066443181636, 21.218874222652719 ], [ 79.083068463250981, 21.218878426683645 ], [ 79.083070251843111, 21.218882721914447 ], [ 79.083071804295301, 21.218887097147835 ], [ 79.083073116560413, 21.218891540977992 ], [ 79.083074185217484, 21.218896041820255 ], [ 79.083075007480602, 21.218900587941331 ], [ 79.08329393440188, 21.22033171748949 ], [ 79.08329412739532, 21.220332793068764 ], [ 79.083294537627779, 21.220333813684842 ], [ 79.08375904745472, 21.22140975824534 ], [ 79.08376081215907, 21.221414173892452 ], [ 79.083762328648774, 21.221418669888688 ], [ 79.083763592789339, 21.221423233976349 ], [ 79.083764601134234, 21.221427853712118 ], [ 79.083765350934343, 21.221432516500936 ], [ 79.083765840145404, 21.221437209630384 ], [ 79.083766067433629, 21.221441920305296 ], [ 79.083766032179341, 21.221446635682678 ], [ 79.08376573447859, 21.22145134290674 ], [ 79.083735006173825, 21.221788136300074 ], [ 79.083734932938611, 21.221789289473566 ], [ 79.083735742024544, 21.221790160677447 ], [ 79.084536412399942, 21.222608561758896 ], [ 79.0845408069396, 21.222613383014579 ], [ 79.085317777571134, 21.223529030787866 ], [ 79.085318626437598, 21.223529976704402 ], [ 79.085319580657071, 21.223530829788682 ], [ 79.085549959450688, 21.223725765745076 ], [ 79.085553682927426, 21.223729089668311 ], [ 79.085557211943794, 21.223732595143897 ], [ 79.085560536445172, 21.223736272184258 ], [ 79.085563646959514, 21.223740110312995 ], [ 79.085566534624562, 21.223744098594732 ], [ 79.085569191212912, 21.223748225666302 ], [ 79.085571609155551, 21.223752479769093 ], [ 79.085573781563397, 21.223756848782582 ], [ 79.085575702246928, 21.223761320258816 ], [ 79.08557736573384, 21.223765881457936 ], [ 79.085578767284574, 21.223770519384438 ], [ 79.085579902905906, 21.223775220824209 ], [ 79.085580769362238, 21.223779972382193 ], [ 79.085581364184918, 21.223784760520513 ], [ 79.085581685679173, 21.223789571597074 ], [ 79.085581732929001, 21.223794391904438 ], [ 79.085565823558483, 21.224646638023952 ], [ 79.085565837584525, 21.224647896667015 ], [ 79.085566075476493, 21.224649135457618 ], [ 79.085811852614569, 21.22575139053896 ], [ 79.08581231761049, 21.225753614933005 ], [ 79.085929279879878, 21.226352872216133 ], [ 79.085929529735438, 21.226353991132203 ], [ 79.085930015180239, 21.22635503979027 ], [ 79.08659017231561, 21.227687425389881 ], [ 79.086592205298246, 21.22769183133363 ], [ 79.086593985705903, 21.227696332341093 ], [ 79.086595508507784, 21.227700915694015 ], [ 79.086596769400941, 21.227705568441451 ], [ 79.086597764822528, 21.227710277436387 ], [ 79.086598491959776, 21.227715029372863 ], [ 79.086858962139715, 21.229812389930583 ], [ 79.086859296269424, 21.229814602314732 ], [ 79.087017093070529, 21.230700837825626 ], [ 79.087017326294756, 21.230701965657037 ], [ 79.087018540608994, 21.23070181211045 ], [ 79.089286006815456, 21.230358389337848 ], [ 79.089291252824282, 21.230357732853214 ], [ 79.089296529371993, 21.230357347517611 ], [ 79.089301820528107, 21.230357234494406 ], [ 79.089307110318046, 21.230357394124837 ], [ 79.089981045387447, 21.230395129753031 ], [ 79.089982299387984, 21.230395169215853 ], [ 79.089983550948361, 21.23039508596105 ], [ 79.091981601771607, 21.23021292748232 ], [ 79.09198299366146, 21.23021276203357 ], [ 79.091984372895539, 21.230212520781155 ], [ 79.094490782281866, 21.229702747679106 ], [ 79.094491967410789, 21.229702476351719 ], [ 79.094491950333222, 21.229701332646226 ], [ 79.094440763495697, 21.228498251679774 ], [ 79.09444069591909, 21.228493419319893 ], [ 79.094440904143795, 21.228488590489704 ], [ 79.094441387573482, 21.228483779017218 ], [ 79.094442144823788, 21.228478998680721 ], [ 79.094443173726177, 21.228474263169375 ], [ 79.094444471334228, 21.228469586043943 ], [ 79.094446033932059, 21.228464980697989 ], [ 79.094447857044912, 21.228460460319557 ], [ 79.094449935452062, 21.228456037853348 ], [ 79.09445226320166, 21.228451725963687 ], [ 79.094454833627893, 21.228447536998239 ], [ 79.094457639369963, 21.22844348295267 ], [ 79.094460672393254, 21.228439575436276 ], [ 79.094463924012302, 21.228435825638758 ], [ 79.094467384915589, 21.228432244298144 ], [ 79.094471045192407, 21.228428841670084 ], [ 79.094474894361028, 21.22842562749846 ], [ 79.094478921398846, 21.228422610987472 ], [ 79.094483114773908, 21.228419800775296 ], [ 79.094487462477915, 21.228417204909345 ], [ 79.094491952060636, 21.228414830823226 ], [ 79.094496570665555, 21.228412685315444 ], [ 79.094774771994082, 21.228292032197373 ], [ 79.094779311560458, 21.228290194537141 ], [ 79.094783945726178, 21.228288577723671 ], [ 79.094788662278944, 21.228287186017692 ], [ 79.094793448789375, 21.228286023086753 ], [ 79.094798292643759, 21.228285091995449 ], [ 79.094803181077211, 21.228284395197488 ], [ 79.094808101207391, 21.228283934529109 ], [ 79.094813040068459, 21.228283711204305 ], [ 79.094817984645189, 21.228283725811597 ], [ 79.09482292190728, 21.228283978312486 ], [ 79.094827838843742, 21.228284468041572 ], [ 79.094832722497074, 21.228285193708288 ], [ 79.094837559997615, 21.228286153400308 ], [ 79.094842338597189, 21.228287344588601 ], [ 79.09484704570292, 21.228288764134039 ], [ 79.094851668910337, 21.228290408295763 ], [ 79.094856196036019, 21.228292272740955 ], [ 79.094860615149784, 21.228294352556315 ], [ 79.094864914606049, 21.228296642260958 ], [ 79.094869083074599, 21.228299135820901 ], [ 79.094873109570386, 21.228301826664946 ], [ 79.094876983482507, 21.228304707701994 ], [ 79.094880694602125, 21.228307771339736 ], [ 79.094884233149457, 21.228311009504651 ], [ 79.094887589799455, 21.22831441366332 ], [ 79.095631873062828, 21.22910921693871 ], [ 79.095632707081862, 21.229110062152138 ], [ 79.095633798152349, 21.229109533597246 ], [ 79.096252637375287, 21.228790348084896 ], [ 79.096254777006052, 21.228789277174723 ], [ 79.096956954236589, 21.228448407665702 ], [ 79.096957984906183, 21.228447876974599 ], [ 79.096958955380885, 21.228447254456992 ], [ 79.097831765704413, 21.227857498876464 ], [ 79.097832773783026, 21.227856778952855 ], [ 79.09783337722979, 21.227855734188562 ], [ 79.098009235317107, 21.227531024557482 ], [ 79.098011660537495, 21.227526825391219 ], [ 79.098014319097373, 21.227522752289723 ], [ 79.098017203563558, 21.227518816641105 ], [ 79.098020305871259, 21.227515029449176 ], [ 79.098023617346627, 21.227511401302689 ], [ 79.098027128730976, 21.227507942345685 ], [ 79.098030830206696, 21.227504662249192 ], [ 79.098034711424717, 21.227501570184124 ], [ 79.098038761533374, 21.227498674795704 ], [ 79.098042969208862, 21.227495984179235 ], [ 79.098047322686767, 21.227493505857502 ], [ 79.098051809795052, 21.227491246759723 ], [ 79.09805641798809, 21.227489213202194 ], [ 79.09806113438168, 21.227487410870594 ], [ 79.09806594578906, 21.227485844804132 ], [ 79.100543664232006, 21.226747568228397 ], [ 79.10054487650163, 21.226747173010764 ], [ 79.100545532160098, 21.226746138493521 ], [ 79.101050204402597, 21.225898700125786 ], [ 79.101050767225516, 21.225897696021246 ], [ 79.101050495700747, 21.225896590628572 ], [ 79.10077791046362, 21.224902831857921 ], [ 79.100777569438506, 21.224901709795013 ], [ 79.100777106576444, 21.224900626781018 ], [ 79.100196644051053, 21.223638083356079 ], [ 79.100196064920766, 21.223636916463512 ], [ 79.100195415746242, 21.223635782444422 ], [ 79.098364346040981, 21.220645127704227 ], [ 79.098361925211734, 21.220640919493651 ], [ 79.098359745304236, 21.220636597046568 ], [ 79.098357812428816, 21.220632172478876 ], [ 79.098356132003332, 21.220627658192758 ], [ 79.098354708738015, 21.220623066841853 ], [ 79.098353546622306, 21.220618411295813 ], [ 79.098352648913618, 21.220613704604229 ], [ 79.098352018128182, 21.22060895996006 ], [ 79.098351656034112, 21.220604190662652 ], [ 79.098351563646347, 21.220599410080432 ], [ 79.09835174122378, 21.220594631613473 ], [ 79.098352188268692, 21.220589868655917 ], [ 79.098352903527939, 21.220585134558426 ], [ 79.098353884996627, 21.220580442590766 ], [ 79.098355129923632, 21.220575805904613 ], [ 79.09835663481941, 21.220571237496678 ], [ 79.098358395465667, 21.220566750172313 ], [ 79.098360406927256, 21.220562356509561 ], [ 79.098362663566007, 21.220558068823934 ], [ 79.098365159056485, 21.220553899133904 ], [ 79.098367886403778, 21.220549859127175 ], [ 79.09837083796306, 21.220545960127975 ], [ 79.098374005461054, 21.220542213065247 ], [ 79.098377380019159, 21.220538628442085 ], [ 79.098380952178459, 21.220535216306249 ], [ 79.098384711926101, 21.220531986221999 ], [ 79.098388648723443, 21.220528947243341 ], [ 79.098392751535556, 21.220526107888567 ], [ 79.098397008862207, 21.220523476116437 ], [ 79.098401408770016, 21.220521059303859 ], [ 79.098405938925964, 21.220518864225195 ], [ 79.098410586631957, 21.220516897033288 ], [ 79.098415338860391, 21.220515163242197 ], [ 79.098420182290695, 21.220513667711799 ], [ 79.101870686974991, 21.219542341484743 ], [ 79.101871865166501, 21.219541977875494 ], [ 79.101871788231009, 21.219540817072055 ], [ 79.101732354018949, 21.218065080954279 ], [ 79.101732048319661, 21.218060555528737 ], [ 79.101731985254645, 21.218056021419706 ], [ 79.101732164982849, 21.218051490057807 ], [ 79.101732587051146, 21.218046972866738 ], [ 79.101733250395455, 21.218042481234473 ], [ 79.101734153343472, 21.218038026484553 ], [ 79.101735293618802, 21.218033619847535 ], [ 79.10173666834676, 21.21802927243268 ], [ 79.101738274061603, 21.218024995199954 ], [ 79.101939248110966, 21.21752971364236 ], [ 79.101939666890743, 21.217528593536674 ], [ 79.101939759628166, 21.217527409783465 ], [ 79.102011445494, 21.216096488014085 ], [ 79.102011471914381, 21.216095402583349 ], [ 79.102011221060891, 21.21609434265654 ], [ 79.101853748284896, 21.215497426030424 ], [ 79.101852654456735, 21.215492751751587 ], [ 79.1018518262171, 21.215488029705014 ], [ 79.101851265891497, 21.215483273149442 ], [ 79.101850975053253, 21.215478495440522 ], [ 79.101850954518923, 21.215473709993272 ], [ 79.101851204346175, 21.215468930244487 ], [ 79.101851723833477, 21.215464169614897 ], [ 79.101852511522196, 21.215459441471594 ], [ 79.101853565200571, 21.215454759090438 ], [ 79.101854881910057, 21.215450135618784 ], [ 79.101856457953488, 21.215445584038605 ], [ 79.101858288905603, 21.215441117129977 ], [ 79.101860369625342, 21.215436747435263 ], [ 79.101862694270366, 21.215432487223847 ], [ 79.101865256313431, 21.21542834845771 ], [ 79.101868048560732, 21.215424342757824 ], [ 79.101871063172069, 21.215420481371538 ], [ 79.101874291682918, 21.215416775140987 ], [ 79.101877725028089, 21.21541323447267 ], [ 79.10188135356735, 21.215409869308189 ], [ 79.101885167112343, 21.215406689096373 ], [ 79.101889154955217, 21.215403702766746 ], [ 79.101893305898784, 21.2154009187044 ], [ 79.101897608287871, 21.215398344726555 ], [ 79.101902050042085, 21.215395988060504 ], [ 79.101906618689711, 21.215393855323359 ], [ 79.101911301402708, 21.215391952503523 ], [ 79.10191608503284, 21.215390284943783 ], [ 79.103643062613074, 21.214836628764978 ], [ 79.103645750228623, 21.214835808218641 ], [ 79.112291990127702, 21.212326751131343 ], [ 79.112293171008119, 21.212326376234241 ], [ 79.112293409403051, 21.212325228745179 ], [ 79.112455920351735, 21.211416248678194 ], [ 79.112456887505019, 21.211411592508266 ], [ 79.112458114048323, 21.211406990381136 ], [ 79.112459596597645, 21.211402454993845 ], [ 79.112461331062704, 21.211397998859297 ], [ 79.11246331265815, 21.211393634271744 ], [ 79.112465535916854, 21.211389373272855 ], [ 79.112467994704943, 21.2113852276185 ], [ 79.112470682238708, 21.211381208746346 ], [ 79.112473591103395, 21.211377327744241 ], [ 79.112476713273566, 21.211373595319674 ], [ 79.11248004013531, 21.211370021770197 ], [ 79.112483562509965, 21.211366616955068 ], [ 79.112487270679466, 21.21136339026798 ], [ 79.112491154413192, 21.211360350611194 ], [ 79.112495202996072, 21.211357506370966 ], [ 79.112499405258305, 21.211354865394409 ], [ 79.112503749606049, 21.211352434967843 ], [ 79.112508224053499, 21.211350221796668 ], [ 79.112512816255858, 21.211348231986921 ], [ 79.11721471465961, 21.209449678645353 ], [ 79.117215877756564, 21.209449173920309 ], [ 79.117216658449834, 21.209448220839704 ], [ 79.119122963213954, 21.206987122129068 ], [ 79.119124196700355, 21.206985451839561 ], [ 79.120371277867747, 21.205212800823428 ], [ 79.120373674728654, 21.205209550765193 ], [ 79.120376220903637, 21.205206402140142 ], [ 79.120591538000639, 21.204951900673588 ], [ 79.120592268075626, 21.204950991105651 ], [ 79.120592186026627, 21.204949855274361 ], [ 79.120421109013137, 21.203231580515244 ], [ 79.12042076941151, 21.203226805807688 ], [ 79.120420699977629, 21.20322202093428 ], [ 79.120420900906367, 21.203217239328943 ], [ 79.120421371633597, 21.203212474416411 ], [ 79.120422110837708, 21.203207739574545 ], [ 79.120423116443263, 21.203203048096789 ], [ 79.120424385626933, 21.203198413154833 ], [ 79.120425914825375, 21.203193847761643 ], [ 79.120427699745207, 21.203189364734911 ], [ 79.120429735375126, 21.203184976661095 ], [ 79.120432015999896, 21.203180695860031 ], [ 79.120434535216503, 21.203176534350419 ], [ 79.120437285951994, 21.203172503816006 ], [ 79.120440260483477, 21.203168615572825 ], [ 79.120443450459689, 21.203164880537436 ], [ 79.120446846924537, 21.203161309196215 ], [ 79.120450440342154, 21.203157911575978 ], [ 79.120454220623756, 21.203154697215815 ], [ 79.120458177155896, 21.203151675140276 ], [ 79.12046229883029, 21.203148853834072 ], [ 79.120466574075039, 21.203146241218235 ], [ 79.120470990887057, 21.203143844627885 ], [ 79.120475536865797, 21.203141670791627 ], [ 79.120480199248092, 21.203139725812665 ], [ 79.121018655444004, 21.202930943794822 ], [ 79.121019766413369, 21.202930481302186 ], [ 79.121019667416292, 21.20292934521655 ], [ 79.120871389625634, 21.201637861569896 ], [ 79.120870955688801, 21.201632690488598 ], [ 79.120870839045722, 21.201627504573747 ], [ 79.120871040081127, 21.201622320932568 ], [ 79.120871558131824, 21.201617156664778 ], [ 79.120939654720033, 21.201098540431929 ], [ 79.120940407758326, 21.201093832174514 ], [ 79.120941424329175, 21.201089167673818 ], [ 79.120942701607433, 21.2010845598926 ], [ 79.120944236043528, 21.201080021635988 ], [ 79.120946023373193, 21.201075565515907 ], [ 79.120948058629381, 21.201071203916026 ], [ 79.120950336156028, 21.201066948957333 ], [ 79.120952849623819, 21.20106281246445 ], [ 79.120955592047778, 21.201058805932792 ], [ 79.120958555806595, 21.201054940496601 ], [ 79.120961732663929, 21.201051226898002 ], [ 79.120965113791186, 21.201047675457186 ], [ 79.120968689792136, 21.20104429604368 ], [ 79.120972450728985, 21.20104109804895 ], [ 79.120976386149991, 21.201038090360282 ], [ 79.120980485118523, 21.201035281336122 ], [ 79.120984736243472, 21.201032678782802 ], [ 79.120989127710843, 21.201030289932884 ], [ 79.122400874909516, 21.200308275416528 ], [ 79.122401982096548, 21.200307672769036 ], [ 79.122403053527364, 21.20030701573679 ], [ 79.122972702062185, 21.199937028561443 ], [ 79.122973098620776, 21.199936772368371 ], [ 79.123290077547892, 21.199733084431656 ], [ 79.123293741850389, 21.199730842752064 ], [ 79.123297510938826, 21.199728759457944 ], [ 79.123301377034281, 21.199726838848967 ], [ 79.124266344866157, 21.199273472886436 ], [ 79.124772486953233, 21.199033527661282 ], [ 79.124773580981994, 21.199032975199717 ], [ 79.12477448767315, 21.199032178357477 ], [ 79.12588657585674, 21.198002802753734 ], [ 79.125890248866739, 21.197999576171576 ], [ 79.125894096604966, 21.197996533945854 ], [ 79.125898108562865, 21.197993684385217 ], [ 79.125902273783311, 21.197991035272114 ], [ 79.125906580890657, 21.197988593841565 ], [ 79.125911018121698, 21.19798636676137 ], [ 79.125915573357915, 21.197984360113932 ], [ 79.125920234158428, 21.197982579379612 ], [ 79.125924987794122, 21.197981029421797 ], [ 79.127046767425512, 21.197645805081351 ], [ 79.127050824307659, 21.197644684143665 ], [ 79.127054929758117, 21.197643731330935 ], [ 79.130037849061935, 21.197016263151863 ], [ 79.130039083562366, 21.197015970882124 ], [ 79.130040035299942, 21.197015177721823 ], [ 79.130329365631013, 21.196760809380905 ], [ 79.130331375507453, 21.196758935106143 ], [ 79.130615289119106, 21.196478109675137 ], [ 79.131374288011514, 21.195722308153702 ], [ 79.131375167779737, 21.195721382115686 ], [ 79.131375610133063, 21.195720213259115 ], [ 79.13155911376569, 21.195189233907126 ], [ 79.131560784499172, 21.195184797084138 ], [ 79.131562699371386, 21.19518044788914 ], [ 79.1315648531844, 21.195176198128031 ], [ 79.131567240091641, 21.195172059336787 ], [ 79.131569853613854, 21.195168042750172 ], [ 79.131572686656583, 21.195164159271208 ], [ 79.131575731529551, 21.195160419441606 ], [ 79.131578979967415, 21.195156833413122 ], [ 79.131582423152281, 21.195153410920049 ], [ 79.1315860517376, 21.195150161252737 ], [ 79.131589855873585, 21.195147093232411 ], [ 79.131593825233892, 21.195144215187209 ], [ 79.13159794904368, 21.19514153492959 ], [ 79.131602216108874, 21.195139059735112 ], [ 79.131606614846518, 21.195136796322689 ], [ 79.131611133316227, 21.195134750836349 ], [ 79.131615759252625, 21.195132928828571 ], [ 79.131620480098618, 21.19513133524519 ], [ 79.131625283039455, 21.195129974411998 ], [ 79.13163015503757, 21.195128850022972 ], [ 79.131635082867916, 21.195127965130258 ], [ 79.132482264175721, 21.194997190770195 ], [ 79.132483468202793, 21.194996974606912 ], [ 79.132483527418415, 21.194995069028128 ], [ 79.132483810971365, 21.194990292954916 ], [ 79.1324843637736, 21.194985537660816 ], [ 79.132485184274287, 21.194980816486201 ], [ 79.132486270171555, 21.194976142675728 ], [ 79.132487618419063, 21.194971529341192 ], [ 79.132489225234437, 21.194966989424714 ], [ 79.132491086109951, 21.194962535662448 ], [ 79.132493195825106, 21.19495818054887 ], [ 79.132495548461378, 21.194953936301687 ], [ 79.132498137418708, 21.194949814827602 ], [ 79.132500955434082, 21.194945827688873 ], [ 79.132503994601919, 21.194941986070916 ], [ 79.132507246396187, 21.194938300750898 ], [ 79.132510701694414, 21.19493478206752 ], [ 79.132514350803149, 21.19493143989197 ], [ 79.132518183485303, 21.194928283600323 ], [ 79.132522188988759, 21.19492532204713 ], [ 79.13252635607661, 21.194922563540654 ], [ 79.132530673058582, 21.194920015819534 ], [ 79.132535127823957, 21.194917686031065 ], [ 79.13253970787548, 21.194915580711175 ], [ 79.132544400364367, 21.194913705766069 ], [ 79.132549192126476, 21.194912066455647 ], [ 79.13255406971912, 21.19491066737881 ], [ 79.132559019458839, 21.194909512460466 ], [ 79.132564027459821, 21.194908604940597 ], [ 79.13256907967272, 21.194907947365149 ], [ 79.132574161924239, 21.194907541578839 ], [ 79.132579259956785, 21.194907388720072 ], [ 79.132584359468467, 21.194907489217666 ], [ 79.13258944615329, 21.194907842789693 ], [ 79.132594505741196, 21.194908448444249 ], [ 79.132599524038184, 21.194909304482259 ], [ 79.132604486966088, 21.19491040850221 ], [ 79.13260938060202, 21.194911757406938 ], [ 79.132614191217556, 21.194913347412243 ], [ 79.132618905317088, 21.194915174057588 ], [ 79.132623509675852, 21.194917232218558 ], [ 79.132627991376893, 21.194919516121239 ], [ 79.132632337847369, 21.194922019358451 ], [ 79.132636536893827, 21.194924734907683 ], [ 79.132640576736378, 21.194927655150803 ], [ 79.132645432804509, 21.194931361747685 ], [ 79.132646407685471, 21.194932067308255 ], [ 79.132647608548496, 21.194931811607756 ], [ 79.133269598397547, 21.194783386739847 ], [ 79.133270787356622, 21.194783072238796 ], [ 79.13327185171876, 21.194782484159166 ], [ 79.133633916949847, 21.194570473761097 ], [ 79.133637853149466, 21.194568288973318 ], [ 79.133641895527958, 21.194566281931397 ], [ 79.134080358277629, 21.19436093471025 ], [ 79.134081475994762, 21.194360376060178 ], [ 79.134082139175447, 21.194359364112707 ], [ 79.134401042041333, 21.193842528106256 ], [ 79.134403620965529, 21.19383858502815 ], [ 79.134406411786657, 21.193834770959086 ], [ 79.134409407183298, 21.19383109590488 ], [ 79.134412599297292, 21.193827569506677 ], [ 79.134415979754451, 21.193824201015595 ], [ 79.134419539686519, 21.193820999268556 ], [ 79.134423269754308, 21.193817972664998 ], [ 79.134427160172393, 21.193815129144905 ], [ 79.134431200734653, 21.193812476167974 ], [ 79.134435380841083, 21.193810020693995 ], [ 79.134439689525607, 21.193807769164671 ], [ 79.134444115484797, 21.193805727486652 ], [ 79.134448647107646, 21.193803901016071 ], [ 79.134453272505894, 21.193802294544483 ], [ 79.134457979545274, 21.193800912286306 ], [ 79.134462755877365, 21.193799757867744 ], [ 79.134467588971958, 21.19379883431731 ], [ 79.134472466149901, 21.193798144057833 ], [ 79.135007224607065, 21.193735549289929 ], [ 79.135008484590983, 21.193735369657283 ], [ 79.135009427383267, 21.193734565425864 ], [ 79.136217026082107, 21.192647805832014 ], [ 79.136220694807051, 21.192644670445357 ], [ 79.1362245309206, 21.192641716505324 ], [ 79.136228524231498, 21.192638951859529 ], [ 79.136232664130901, 21.192636383852697 ], [ 79.136236939620474, 21.192634019307139 ], [ 79.136241339341737, 21.192631864504644 ], [ 79.136245851606105, 21.192629925169776 ], [ 79.136540574244478, 21.192511776844071 ], [ 79.136545569493251, 21.192509927083155 ], [ 79.136550666929168, 21.192508341360494 ], [ 79.136555850698088, 21.19250702460803 ], [ 79.137313987360344, 21.192335574237983 ], [ 79.137315169256738, 21.192335276370997 ], [ 79.137315248523251, 21.192334131032037 ], [ 79.137316129244923, 21.192312913662235 ], [ 79.137316447877311, 21.192308291234415 ], [ 79.137317018803714, 21.192303690207918 ], [ 79.137317840522229, 21.192299122686183 ], [ 79.13731891087123, 21.192294600684505 ], [ 79.137320227035062, 21.192290136098421 ], [ 79.137321785551379, 21.192285740672439 ], [ 79.137323582320377, 21.192281425969142 ], [ 79.137325612615442, 21.192277203338747 ], [ 79.137327871095692, 21.19227308388929 ], [ 79.137330351819941, 21.19226907845734 ], [ 79.137333048262434, 21.192265197579573 ], [ 79.137335953329909, 21.192261451464976 ], [ 79.137339059380295, 21.192257849968058 ], [ 79.137342358242833, 21.192254402562892 ], [ 79.137345841239565, 21.192251118318175 ], [ 79.137349499208113, 21.192248005873431 ], [ 79.137353322525868, 21.19224507341621 ], [ 79.137357301135239, 21.192242328660615 ], [ 79.13736142457013, 21.192239778826988 ], [ 79.137365681983468, 21.192237430622875 ], [ 79.137370062175719, 21.192235290225458 ], [ 79.137374553624397, 21.192233363265242 ], [ 79.137682349149017, 21.192110160657435 ], [ 79.137683476080213, 21.19210967673575 ], [ 79.13768403272924, 21.19210863816112 ], [ 79.138020237533695, 21.191438509178429 ], [ 79.138022525081126, 21.191434245792493 ], [ 79.138025049589515, 21.191430101695314 ], [ 79.138027804008487, 21.191426088460442 ], [ 79.138030780645522, 21.191422217295951 ], [ 79.138033971187511, 21.191418499013135 ], [ 79.138037366723978, 21.191414943996335 ], [ 79.138040957771963, 21.191411562173919 ], [ 79.138044734302412, 21.191408362990561 ], [ 79.138048685768325, 21.191405355380869 ], [ 79.138052801134137, 21.191402547744421 ], [ 79.138057068906548, 21.191399947922317 ], [ 79.138061477166616, 21.19139756317529 ], [ 79.138066013603051, 21.19139540016339 ], [ 79.138070665546607, 21.191393464927437 ], [ 79.138075420005435, 21.191391762872112 ], [ 79.138080263701411, 21.191390298750871 ], [ 79.138085183107151, 21.191389076652676 ], [ 79.138090164483899, 21.191388099990579 ], [ 79.138095193919739, 21.19138737149218 ], [ 79.13810025736862, 21.191386893192011 ], [ 79.138105340689464, 21.191386666425867 ], [ 79.138110429685696, 21.191386691827041 ], [ 79.138115510144885, 21.191386969324604 ], [ 79.13812056787846, 21.19138749814358 ], [ 79.138125588761284, 21.191388276807071 ], [ 79.138593884379603, 21.191472880384453 ], [ 79.138595096091521, 21.191473069136201 ], [ 79.138596226955215, 21.191472619462338 ], [ 79.139054580090587, 21.191277175165734 ], [ 79.139058988678627, 21.1912754180516 ], [ 79.139063484980866, 21.191273868713349 ], [ 79.139068057871711, 21.191272530984627 ], [ 79.139072696036166, 21.191271408175464 ], [ 79.139077387997659, 21.191270503064128 ], [ 79.139082122146533, 21.191269817890195 ], [ 79.139086886768723, 21.19126935434905 ], [ 79.1394293703177, 21.191244090710008 ], [ 79.139430584938125, 21.191243971684568 ], [ 79.139431416864014, 21.191243133215579 ], [ 79.13989324603088, 21.190753078235865 ], [ 79.139896693541232, 21.190749608069009 ], [ 79.13990033055174, 21.19074631242918 ], [ 79.139904147031359, 21.190743200405937 ], [ 79.139908132453996, 21.190740280582389 ], [ 79.139912275827641, 21.190737561011574 ], [ 79.139916565724633, 21.190735049194224 ], [ 79.139920990313229, 21.190732752058054 ], [ 79.139925537390184, 21.190730675938678 ], [ 79.139930194414376, 21.190728826562161 ], [ 79.139934948541509, 21.190727209029173 ], [ 79.139939786659454, 21.190725827800961 ], [ 79.139944695424404, 21.190724686687023 ], [ 79.139949661297777, 21.19072378883461 ], [ 79.139954670583393, 21.190723136720045 ], [ 79.139959709465401, 21.190722732141907 ], [ 79.139964764046283, 21.190722576216046 ], [ 79.139969820385261, 21.190722669372505 ], [ 79.139974864536669, 21.190723011354358 ], [ 79.139979882588506, 21.190723601218405 ], [ 79.140385761639351, 21.190781500603531 ], [ 79.140390928550417, 21.190782373428004 ], [ 79.140396037062715, 21.190783509041605 ], [ 79.140401071992244, 21.190784904068956 ], [ 79.140406018373781, 21.190786554363648 ], [ 79.140410861505259, 21.190788455020538 ], [ 79.140415586991523, 21.190790600390329 ], [ 79.140420180787046, 21.190792984096376 ], [ 79.140424629237785, 21.190795599053622 ], [ 79.140428919121646, 21.190798437489679 ], [ 79.140433037687856, 21.190801490967896 ], [ 79.140436972694843, 21.190804750412472 ], [ 79.140775729255523, 21.191101150634861 ], [ 79.140776718067301, 21.191101969173364 ], [ 79.140777984870411, 21.191102313400027 ], [ 79.141186338822237, 21.191201916773686 ], [ 79.141187500920466, 21.19120217141203 ], [ 79.14118867728412, 21.191201982997995 ], [ 79.142066758596272, 21.191040128827865 ], [ 79.142067980236291, 21.191039872208123 ], [ 79.14206870230349, 21.191038913085297 ], [ 79.142599824194008, 21.190292547055297 ], [ 79.142600177535101, 21.190292054034231 ], [ 79.143380860691252, 21.189210447198949 ], [ 79.143381383661094, 21.189209690497108 ], [ 79.14338187397928, 21.189208914804585 ], [ 79.143529805942237, 21.188963849782869 ], [ 79.143530462994747, 21.188962682950667 ], [ 79.143531046163446, 21.188961482078085 ], [ 79.143781311822124, 21.188403397454888 ], [ 79.143783346113239, 21.188399168416261 ], [ 79.143785609288358, 21.188395042935383 ], [ 79.143788095374987, 21.188391031899343 ], [ 79.143790797812372, 21.18838714589322 ], [ 79.143793709468767, 21.188383395172121 ], [ 79.143796822660335, 21.188379789634176 ], [ 79.143800129171424, 21.188376338794342 ], [ 79.143803620276131, 21.188373051759335 ], [ 79.143807286761515, 21.188369937203611 ], [ 79.144635576403005, 21.187701835559334 ], [ 79.144640767438716, 21.187697932723157 ], [ 79.144986642261742, 21.187455810513789 ], [ 79.144989845521764, 21.187453662364284 ], [ 79.144993139749161, 21.187451638838965 ], [ 79.145318787552554, 21.187260411975416 ], [ 79.145319974289137, 21.187259668183614 ], [ 79.145321058635886, 21.187258797687171 ], [ 79.145547988320914, 21.187065377059763 ], [ 79.145548874092086, 21.187064582341041 ], [ 79.145549406580358, 21.187063546823254 ], [ 79.145651167801645, 21.186851985639837 ], [ 79.145653412700042, 21.186847633221863 ], [ 79.145655902734603, 21.18684339971416 ], [ 79.145658630768878, 21.186839297249929 ], [ 79.145661588984339, 21.186835337586782 ], [ 79.145664768902776, 21.186831532073072 ], [ 79.145734647953518, 21.186752365293994 ], [ 79.145735466959891, 21.186751383182298 ], [ 79.145735898686283, 21.186750203941962 ], [ 79.145759353590918, 21.186679839232678 ], [ 79.145761056414983, 21.186675180739222 ], [ 79.145763027454805, 21.186670616222646 ], [ 79.145765260849771, 21.186666159254855 ], [ 79.145767749959177, 21.186661823088013 ], [ 79.145824191368533, 21.186569614101348 ], [ 79.145873281198803, 21.18648948217426 ], [ 79.145876043944341, 21.186485246395407 ], [ 79.145879050731651, 21.186481159424289 ], [ 79.145882292471725, 21.186477233615133 ], [ 79.145885759365314, 21.18647348083498 ], [ 79.14588944093255, 21.18646991242786 ], [ 79.145893326044686, 21.186466539180469 ], [ 79.145897402957658, 21.186463371289541 ], [ 79.145901659347672, 21.186460418331105 ], [ 79.145906082348347, 21.186457689231418 ], [ 79.146082536329146, 21.186355217703039 ], [ 79.14608357790533, 21.186354577135951 ], [ 79.146084359744307, 21.186353667787206 ], [ 79.146285531393957, 21.186106827877975 ], [ 79.14628907878361, 21.186102729240574 ], [ 79.146292875447429, 21.186098831992464 ], [ 79.146296908413561, 21.186095149449162 ], [ 79.146301163902748, 21.186091694192626 ], [ 79.146533752805013, 21.185913725542772 ], [ 79.146539193593753, 21.185909855497073 ], [ 79.146727741309917, 21.185785364441006 ], [ 79.146732117844408, 21.185782639132576 ], [ 79.146736646333707, 21.185780141724404 ], [ 79.146741313300041, 21.18577787964934 ], [ 79.147052605294533, 21.185636950328316 ], [ 79.147053586911156, 21.185636479589526 ], [ 79.14705449037983, 21.185635886988564 ], [ 79.147173246571228, 21.185554125269512 ], [ 79.147174271266977, 21.185553378818213 ], [ 79.147174802578149, 21.185552268647534 ], [ 79.147236397151701, 21.185413613092997 ], [ 79.147238473297719, 21.185409266078178 ], [ 79.147240790921785, 21.185405027769029 ], [ 79.14724334357723, 21.185400909954808 ], [ 79.147246124163559, 21.185396924089606 ], [ 79.147249124946299, 21.185393081260468 ], [ 79.147252337578479, 21.185389392156594 ], [ 79.147255753123844, 21.185385867039574 ], [ 79.147259362081726, 21.185382515714842 ], [ 79.147263154413466, 21.185379347504419 ], [ 79.14726711957033, 21.185376371220986 ], [ 79.147271246522862, 21.18537359514335 ], [ 79.147275523791549, 21.185371026993419 ], [ 79.147279939478764, 21.185368673914745 ], [ 79.147284481301867, 21.185366542452648 ], [ 79.14728913662735, 21.185364638535965 ], [ 79.147293892505985, 21.185362967460627 ], [ 79.147298735708887, 21.185361533874897 ], [ 79.147303652764222, 21.185360341766412 ], [ 79.147308629994754, 21.185359394451133 ], [ 79.147313653555841, 21.185358694564115 ], [ 79.147318709474007, 21.18535824405215 ], [ 79.147323783685749, 21.185358044168389 ], [ 79.147328862076677, 21.185358095468825 ], [ 79.147333930520773, 21.185358397810763 ], [ 79.14733897491972, 21.185358950353216 ], [ 79.147568347004821, 21.185389844702762 ], [ 79.147570659654278, 21.18539010281571 ], [ 79.147859478088378, 21.185415709398413 ], [ 79.147860501129117, 21.185415779500971 ], [ 79.147861526426098, 21.185415808642727 ], [ 79.148120519342228, 21.185417989218564 ], [ 79.148121764479399, 21.185417968637623 ], [ 79.148121711306487, 21.185416801733322 ], [ 79.148109485601807, 21.185251629983377 ], [ 79.148109267445221, 21.185246861627878 ], [ 79.148109318181, 21.185242089121928 ], [ 79.148109637667432, 21.18523732579397 ], [ 79.148110225012232, 21.185232584946828 ], [ 79.14811107857507, 21.185227879820538 ], [ 79.148112195972132, 21.185223223555358 ], [ 79.148113574082771, 21.185218629155109 ], [ 79.148115209058247, 21.185214109450826 ], [ 79.148117096332427, 21.185209677064936 ], [ 79.14811923063462, 21.185205344376008 ], [ 79.14812160600421, 21.185201123484187 ], [ 79.148124215807371, 21.185197026177384 ], [ 79.148127052755513, 21.185193063898375 ], [ 79.148396379186934, 21.184837572509888 ], [ 79.148399465907872, 21.184833720200086 ], [ 79.14840276731789, 21.184830027786351 ], [ 79.148406274017987, 21.184826505780823 ], [ 79.148409976024695, 21.184823164210524 ], [ 79.148413862798577, 21.184820012588759 ], [ 79.148417923274124, 21.184817059888058 ], [ 79.148422145891303, 21.184814314514671 ], [ 79.148426518628497, 21.184811784284545 ], [ 79.148431029036701, 21.184809476401135 ], [ 79.148435664274956, 21.184807397434906 ], [ 79.14844041114695, 21.184805553304578 ], [ 79.148445256138515, 21.184803949260321 ], [ 79.148450185456156, 21.184802589868792 ], [ 79.148455185066325, 21.184801479000107 ], [ 79.148460240735318, 21.184800619816883 ], [ 79.148465338069883, 21.184800014765166 ], [ 79.148470462558109, 21.184799665567517 ], [ 79.148475599610791, 21.184799573218093 ], [ 79.14848073460297, 21.184799737979812 ], [ 79.148485852915499, 21.184800159383602 ], [ 79.148490939976796, 21.184800836229751 ], [ 79.148495981304194, 21.184801766591303 ], [ 79.148500962545256, 21.184802947819563 ], [ 79.148505869518573, 21.184804376551622 ], [ 79.148510688254191, 21.184806048719942 ], [ 79.148863302423365, 21.184938544595891 ], [ 79.148867448123255, 21.184940209037059 ], [ 79.148871506190062, 21.184942053690051 ], [ 79.148875467723897, 21.184944074509286 ], [ 79.148879324036571, 21.184946267062866 ], [ 79.149269254812168, 21.185179848344795 ], [ 79.149273671361996, 21.18518265858599 ], [ 79.149277915121417, 21.185185693999632 ], [ 79.149281973054372, 21.185188945261487 ], [ 79.149285832695668, 21.185192402384306 ], [ 79.149289482189147, 21.185196054748456 ], [ 79.149292910324291, 21.185199891134555 ], [ 79.149296106570446, 21.185203899757944 ], [ 79.149473294486043, 21.185439462056934 ], [ 79.149474019620968, 21.185440375863219 ], [ 79.149475151192874, 21.185440789690198 ], [ 79.149634643978786, 21.185494779483705 ], [ 79.149635355000086, 21.185495023137431 ], [ 79.149855362060478, 21.185571335916507 ], [ 79.149858022695128, 21.185572301049362 ], [ 79.149990174002625, 21.185622361140929 ], [ 79.149994478295682, 21.185624107149188 ], [ 79.149998686847624, 21.185626047627775 ], [ 79.150002789676833, 21.185628177974397 ], [ 79.150006777052496, 21.185630493136411 ], [ 79.150010639517575, 21.185632987622874 ], [ 79.15015411993862, 21.185730565475126 ], [ 79.150155218317707, 21.185731269754172 ], [ 79.150156425816718, 21.185731793856089 ], [ 79.150543263036681, 21.185887641944568 ], [ 79.15054440797978, 21.18588807087653 ], [ 79.150545631565848, 21.185888212788832 ], [ 79.151166680618644, 21.185945088331579 ], [ 79.151167889760643, 21.185945169998025 ], [ 79.151168823597899, 21.185944445004584 ], [ 79.151779914178718, 21.185444905870757 ], [ 79.151783722207483, 21.185441950769135 ], [ 79.151787686889747, 21.185439182812491 ], [ 79.15179179778066, 21.185436609292879 ], [ 79.151796044050286, 21.185434236990137 ], [ 79.151800414511996, 21.18543207215399 ], [ 79.151804897651971, 21.18543012048762 ], [ 79.151809481659598, 21.185428387132607 ], [ 79.151814154458449, 21.185426876655409 ], [ 79.15181890373826, 21.185425593035308 ], [ 79.151823716987252, 21.185424539653958 ], [ 79.151828581525109, 21.18542371928644 ], [ 79.151833484536454, 21.185423134093984 ], [ 79.151838413104457, 21.185422785618247 ], [ 79.151843354245045, 21.185422674777286 ], [ 79.151848294940976, 21.185422801863112 ], [ 79.151853222176214, 21.185423166540915 ], [ 79.151858122970154, 21.185423767849972 ], [ 79.151862984411864, 21.185424604206158 ], [ 79.15186779369408, 21.185425673406133 ], [ 79.151872538146932, 21.185426972633138 ], [ 79.151877205271404, 21.185428498464418 ], [ 79.151881782772094, 21.18543024688023 ], [ 79.151886258589798, 21.185432213274442 ], [ 79.151890620933159, 21.185434392466682 ], [ 79.152647866934117, 21.185836398483126 ], [ 79.152649007887334, 21.185836966548745 ], [ 79.152650297847742, 21.185836902655279 ], [ 79.154196323328591, 21.185720936210341 ], [ 79.154201551465562, 21.185720677929709 ], [ 79.154206786842479, 21.185720686516543 ], [ 79.154212013984321, 21.185720961945471 ], [ 79.154217217440404, 21.185721503402359 ], [ 79.15422238183011, 21.185722309286742 ], [ 79.154227491888221, 21.185723377216554 ], [ 79.154232532510179, 21.185724704035142 ], [ 79.154237488796625, 21.185726285820628 ], [ 79.154242346097504, 21.185728117897501 ], [ 79.154247090055335, 21.185730194850382 ], [ 79.154251706647671, 21.185732510540131 ], [ 79.154256182228522, 21.185735058121889 ], [ 79.154597780265277, 21.18594162289698 ], [ 79.154598913827414, 21.18594226743625 ], [ 79.154600209490084, 21.185942530227507 ], [ 79.154765118174268, 21.185971523499706 ], [ 79.154770095746642, 21.185972527053224 ], [ 79.154775009807992, 21.18597377593899 ], [ 79.154779846621736, 21.185975266665899 ], [ 79.154784592667212, 21.185976995066827 ], [ 79.15478923467748, 21.185978956310265 ], [ 79.154793759676366, 21.185981144913814 ], [ 79.154798155014873, 21.185983554759524 ], [ 79.154802408406368, 21.185986179110994 ], [ 79.154806507961084, 21.185989010632195 ], [ 79.154810442219201, 21.185992041407982 ], [ 79.154814200183054, 21.185995262966216 ], [ 79.154817771347709, 21.185998666301465 ], [ 79.154821145730452, 21.186002241900145 ], [ 79.154824313898573, 21.186005979767138 ], [ 79.154827266995909, 21.186009869453727 ], [ 79.154829996767418, 21.186013900086802 ], [ 79.154832495582355, 21.186018060399253 ], [ 79.1548347564556, 21.186022338761475 ], [ 79.154932367374826, 21.186220021323869 ], [ 79.154932919640956, 21.186221066705677 ], [ 79.154934157360529, 21.186220950142815 ], [ 79.155097701448469, 21.186201458230808 ], [ 79.155102886428097, 21.186200973541393 ], [ 79.15510809177097, 21.186200752599021 ], [ 79.155113302235918, 21.186200796050606 ], [ 79.155118502566765, 21.186201103768934 ], [ 79.155123677536977, 21.186201674852999 ], [ 79.155128811994274, 21.186202507630686 ], [ 79.155133890904992, 21.186203599663617 ], [ 79.155138899398167, 21.186204947754337 ], [ 79.155143822808938, 21.186206547955656 ], [ 79.155148646721614, 21.186208395582188 ], [ 79.155285490747175, 21.186264906961249 ], [ 79.155289936151931, 21.186266871231609 ], [ 79.155294268925047, 21.186269045634184 ], [ 79.155298477783361, 21.186271424506511 ], [ 79.155302551766397, 21.186274001653686 ], [ 79.155306480264926, 21.18627677036444 ], [ 79.155310253048555, 21.186279723428644 ], [ 79.155313860292409, 21.186282853156115 ], [ 79.155317292602689, 21.18628615139659 ], [ 79.155320541041178, 21.186289609560976 ], [ 79.155323597148424, 21.186293218643712 ], [ 79.15532645296588, 21.186296969246236 ], [ 79.155450938139111, 21.186469608171087 ], [ 79.155453712105256, 21.186473686427732 ], [ 79.15545624926402, 21.18647789813383 ], [ 79.155458542336405, 21.18648223120627 ], [ 79.155460584743722, 21.1864866732137 ], [ 79.155462370626381, 21.186491211412282 ], [ 79.155463894860773, 21.186495832782192 ], [ 79.155465153073962, 21.186500524064996 ], [ 79.155466141656134, 21.186505271801693 ], [ 79.155466857771131, 21.186510062371276 ], [ 79.155482657468269, 21.186641216834108 ], [ 79.155482828932278, 21.186642367367096 ], [ 79.155484066374981, 21.186642315575369 ], [ 79.155531366713063, 21.186639162226278 ], [ 79.155536402381401, 21.186638950561232 ], [ 79.15554144296037, 21.186638986321263 ], [ 79.155546474638314, 21.186639269408378 ], [ 79.15555148362796, 21.186639799046901 ], [ 79.155556456204224, 21.186640573785578 ], [ 79.155561378741737, 21.186641591501548 ], [ 79.155566237752325, 21.186642849406176 ], [ 79.155571019921837, 21.186644344052684 ], [ 79.155575712146629, 21.186646071345603 ], [ 79.155580301569614, 21.186648026551989 ], [ 79.155584775615296, 21.1866502043144 ], [ 79.155589122024381, 21.186652598665553 ], [ 79.155593328887292, 21.186655203044701 ], [ 79.155597384676796, 21.186658010315607 ], [ 79.155601278279661, 21.186661012786079 ], [ 79.15560499902702, 21.186664202229061 ], [ 79.155608536723648, 21.186667569905172 ], [ 79.155611881675924, 21.186671106586676 ], [ 79.155794694049405, 21.186874901546709 ], [ 79.155795521528105, 21.186875776763433 ], [ 79.155796561099024, 21.186876423056201 ], [ 79.155911387741099, 21.186943846905049 ], [ 79.155912508617902, 21.186944465840686 ], [ 79.155913806384746, 21.186944383627054 ], [ 79.156012666966504, 21.186935577081854 ], [ 79.156016904743069, 21.186935287889792 ], [ 79.15602115199664, 21.186935174306068 ], [ 79.156564910239396, 21.186931887606068 ], [ 79.156569702982679, 21.186931970528082 ], [ 79.15657448538802, 21.186932277033439 ], [ 79.156579245604789, 21.186932806362616 ], [ 79.156583971837378, 21.186933557203975 ], [ 79.15658865237441, 21.186934527696959 ], [ 79.156593275617723, 21.186935715436743 ], [ 79.157427485502737, 21.187171111256635 ], [ 79.157428115758776, 21.1871712847114 ], [ 79.158841584292276, 21.187550481651883 ], [ 79.158846204548468, 21.18755183986751 ], [ 79.158850746170629, 21.187553414173443 ], [ 79.158855197676758, 21.187555200589578 ], [ 79.15885954781271, 21.187557194599556 ], [ 79.158863785580621, 21.187559391162186 ], [ 79.158867900266671, 21.187561784724199 ], [ 79.158871881468286, 21.187564369234273 ], [ 79.158875719120275, 21.187567138158336 ], [ 79.15887940352043, 21.18757008449608 ], [ 79.159671657473126, 21.188236607058485 ], [ 79.159672614744608, 21.188237370772629 ], [ 79.159673851444083, 21.188237580593299 ], [ 79.160549391959364, 21.188363925676661 ], [ 79.160550593398526, 21.188364069876151 ], [ 79.160551636811306, 21.188363492969454 ], [ 79.161272463980339, 21.187941461438221 ], [ 79.161276923262704, 21.187939004151627 ], [ 79.161281516785138, 21.187936774950025 ], [ 79.16128623129687, 21.187934780263891 ], [ 79.161291053198127, 21.187933025847244 ], [ 79.161295968579353, 21.187931516760965 ], [ 79.162241591313816, 21.187667343097381 ], [ 79.162246243027283, 21.18766616156779 ], [ 79.162250951943932, 21.187665199783638 ], [ 79.162255706269804, 21.187664460153822 ], [ 79.162260494097282, 21.187663944530804 ], [ 79.162265303434793, 21.18766365420602 ], [ 79.163709691651718, 21.187610448200424 ], [ 79.163710988764919, 21.187610367239269 ], [ 79.163712092992526, 21.187609723836452 ], [ 79.164604354560709, 21.187057734899952 ], [ 79.164608989787226, 21.18705504081364 ], [ 79.164613780185263, 21.187052597125582 ], [ 79.164618710393029, 21.187050411672168 ], [ 79.165954111387833, 21.186501277560815 ], [ 79.165954488964857, 21.186501123196237 ], [ 79.167035414151059, 21.186061781992777 ], [ 79.167036578500841, 21.186061273504418 ], [ 79.167037411373101, 21.186060356502701 ], [ 79.168445048965438, 21.184423473360425 ], [ 79.168445775059766, 21.184422584697533 ], [ 79.168446352373536, 21.184421604748003 ], [ 79.16888207880946, 21.183636519259341 ], [ 79.168883253567273, 21.183634249947463 ], [ 79.169363262256667, 21.182637009439688 ], [ 79.169363678164828, 21.18263609182371 ], [ 79.16936405044531, 21.182635157871008 ], [ 79.169622583179333, 21.181940120583512 ], [ 79.169622966443526, 21.181938996031782 ], [ 79.169622892796511, 21.181937817447952 ], [ 79.169205109366203, 21.177329206450253 ], [ 79.169204966127737, 21.177328007966462 ], [ 79.169204489500686, 21.177326887892811 ], [ 79.168547926613243, 21.175896572022257 ], [ 79.168546044371055, 21.175892154730036 ], [ 79.168544412715448, 21.175887650609081 ], [ 79.168543036173133, 21.175883072155269 ], [ 79.168541918563051, 21.175878432070721 ], [ 79.168381565137281, 21.175120302495266 ], [ 79.168380727637754, 21.175115730686937 ], [ 79.168380141517645, 21.175111124575441 ], [ 79.168379808323181, 21.17510649631237 ], [ 79.16837972893336, 21.175101858107762 ], [ 79.168379903557607, 21.175097222197909 ], [ 79.168380331735236, 21.175092600813009 ], [ 79.168381012336567, 21.175088006144964 ], [ 79.168381943566104, 21.175083450315178 ], [ 79.1683831229671, 21.175078945342602 ], [ 79.168384547428062, 21.175074503112008 ], [ 79.16838621319107, 21.175070135342668 ], [ 79.168388115861546, 21.175065853557385 ], [ 79.168674849169136, 21.174464555133884 ], [ 79.16867536385854, 21.17446338919747 ], [ 79.168675663285313, 21.174462158919951 ], [ 79.168909995530882, 21.173357548356531 ], [ 79.16891108117764, 21.173353037404496 ], [ 79.168912411578063, 21.17334858448941 ], [ 79.168913983243996, 21.173344201286177 ], [ 79.168915792054776, 21.173339899286905 ], [ 79.168917833267926, 21.173335689770806 ], [ 79.168920101531683, 21.173331583774583 ], [ 79.168922590898973, 21.173327592063583 ], [ 79.169566615928915, 21.172353026264311 ], [ 79.169569233752142, 21.172349275983599 ], [ 79.169572046739773, 21.172345652155332 ], [ 79.169575047962113, 21.172342163706688 ], [ 79.170285331025582, 21.171557249778587 ], [ 79.170286075813252, 21.171556384310371 ], [ 79.170286676304372, 21.171555425238903 ], [ 79.170862012681468, 21.170582293406788 ], [ 79.170863133317539, 21.170580280147885 ], [ 79.171363701022187, 21.169623047284116 ], [ 79.171365789410359, 21.169619280274212 ], [ 79.171368064243566, 21.169615609492375 ], [ 79.171370520494094, 21.16961204305159 ], [ 79.171373152733253, 21.169608588834205 ], [ 79.172099642871871, 21.168701101472934 ], [ 79.172102714399841, 21.16869746324582 ], [ 79.172105981117255, 21.168693977815966 ], [ 79.172109434398578, 21.168690654386367 ], [ 79.172113065125671, 21.168687501732279 ], [ 79.172116863711906, 21.168684528178023 ], [ 79.17212082012739, 21.168681741575053 ], [ 79.172124923925551, 21.168679149281139 ], [ 79.172129164270615, 21.16867675814105 ], [ 79.172133529966302, 21.16867457446838 ], [ 79.172138009485309, 21.168672604028956 ], [ 79.172142590999854, 21.16867085202556 ], [ 79.172147262412807, 21.16866932308422 ], [ 79.172152011389699, 21.168668021241974 ], [ 79.172156825391212, 21.168666949936238 ], [ 79.172161691706407, 21.168666111995712 ], [ 79.173397386837834, 21.168483978816688 ], [ 79.173398585472384, 21.168483772630687 ], [ 79.173399483304792, 21.168482999748527 ], [ 79.175371476991032, 21.166696389259869 ], [ 79.175374378268728, 21.166693866658481 ], [ 79.176051382179764, 21.166129028564434 ], [ 79.176055374742575, 21.166125875066719 ], [ 79.176059543619814, 21.166122929143768 ], [ 79.17606387656059, 21.166120199452614 ], [ 79.176068360831891, 21.166117694014869 ], [ 79.17607298325602, 21.16611542019313 ], [ 79.176077730249304, 21.166113384669373 ], [ 79.17608258786197, 21.166111593425271 ], [ 79.176886201897887, 21.165838606997102 ], [ 79.176887319721502, 21.165838195568355 ], [ 79.176886261063615, 21.165837663990384 ], [ 79.176363005510652, 21.165591406727209 ], [ 79.176358610486901, 21.165589202957303 ], [ 79.176354342913967, 21.165586788830009 ], [ 79.176350214224797, 21.165584170812838 ], [ 79.176346235480267, 21.165581355919542 ], [ 79.176342417339498, 21.165578351691284 ], [ 79.176338770031393, 21.165575166176474 ], [ 79.176335303327164, 21.165571807909188 ], [ 79.176332026514203, 21.165568285886316 ], [ 79.17632894837115, 21.165564609543445 ], [ 79.176326077144424, 21.165560788729582 ], [ 79.176323420526089, 21.1655568336808 ], [ 79.176320985633254, 21.16555275499277 ], [ 79.176318778989071, 21.165548563592388 ], [ 79.176316806505156, 21.165544270708544 ], [ 79.176315073465815, 21.165539887841955 ], [ 79.17631358451392, 21.165535426734429 ], [ 79.17631234363833, 21.165530899337384 ], [ 79.176311354163389, 21.165526317779822 ], [ 79.17631061873989, 21.165521694335844 ], [ 79.176310139338028, 21.165517041391762 ], [ 79.176309917242122, 21.16551237141293 ], [ 79.17630995304711, 21.165507696910314 ], [ 79.176310246657081, 21.165503030407002 ], [ 79.176310797285424, 21.165498384404678 ], [ 79.176311603456938, 21.165493771350082 ], [ 79.176312663011871, 21.165489203601677 ], [ 79.176313973111633, 21.165484693396571 ], [ 79.176315530246399, 21.165480252817687 ], [ 79.176317330244558, 21.165475893761435 ], [ 79.176319368283899, 21.165471627905813 ], [ 79.176321638904383, 21.165467466679136 ], [ 79.176324136022984, 21.165463421229425 ], [ 79.17632685294987, 21.165459502394508 ], [ 79.176329782406313, 21.165455720673027 ], [ 79.176332916544226, 21.165452086196286 ], [ 79.176336246967153, 21.165448608701123 ], [ 79.176339764752868, 21.165445297503826 ], [ 79.176343460477113, 21.165442161475127 ], [ 79.176347324238961, 21.165439209016544 ], [ 79.176351345687308, 21.165436448037735 ], [ 79.176355514048623, 21.165433885935439 ], [ 79.176359818155788, 21.165431529573567 ], [ 79.176364246478016, 21.165429385264869 ], [ 79.176967867209726, 21.165155414153432 ], [ 79.17696897004322, 21.165154879790816 ], [ 79.176969159212192, 21.165153729060094 ], [ 79.177261225815343, 21.1630056587449 ], [ 79.177261977411504, 21.163001072881688 ], [ 79.17726297908834, 21.16299652927669 ], [ 79.177264228202219, 21.162992039921299 ], [ 79.177265721456507, 21.16298761666377 ], [ 79.177267454910165, 21.162983271177868 ], [ 79.177269423988292, 21.162979014932144 ], [ 79.177271623494121, 21.162974859159593 ], [ 79.177274047622731, 21.162970814828064 ], [ 79.177276689976381, 21.162966892611291 ], [ 79.17727954358142, 21.162963102860694 ], [ 79.177282600906622, 21.16295945557814 ], [ 79.177285853883177, 21.162955960389468 ], [ 79.177289293925838, 21.162952626519097 ], [ 79.177292911955732, 21.162949462765731 ], [ 79.177296698424172, 21.162946477479093 ], [ 79.177300643338015, 21.162943678537882 ], [ 79.17730473628589, 21.162941073329016 ], [ 79.177308966465759, 21.162938668728117 ], [ 79.177313322713445, 21.162936471081363 ], [ 79.177317793531969, 21.162934486188739 ], [ 79.178601228023723, 21.162402086170829 ], [ 79.178602367229345, 21.162401579174531 ], [ 79.178602446739347, 21.162400398750741 ], [ 79.178638847366486, 21.161464852770919 ], [ 79.178638856742893, 21.161463500952429 ], [ 79.178638779760504, 21.161462151035423 ], [ 79.178459653019615, 21.159452516749543 ], [ 79.178459207939838, 21.15944909918392 ], [ 79.178224508839534, 21.158082316197106 ], [ 79.178224266475155, 21.158081114517461 ], [ 79.178223448724182, 21.158080162000886 ], [ 79.175808931490252, 21.155419605482827 ], [ 79.175805321442681, 21.155415376814865 ], [ 79.175801988171941, 21.155410952707072 ], [ 79.175798943671879, 21.155406349078397 ], [ 79.175070353776306, 21.154227081900906 ], [ 79.175068544247878, 21.154224378157842 ], [ 79.173741423601385, 21.152388892803884 ], [ 79.173738593724678, 21.152384739202187 ], [ 79.173736009643022, 21.152380446945958 ], [ 79.173733679054692, 21.152376028822243 ], [ 79.173731608902656, 21.152371497993073 ], [ 79.173192320981101, 21.151096132082291 ], [ 79.173191762887271, 21.151094917496447 ], [ 79.173191056981281, 21.151093772595274 ], [ 79.172298838427054, 21.14973996872429 ], [ 79.172298179144192, 21.14973902255954 ], [ 79.172297087435723, 21.149738544145475 ], [ 79.171911068008896, 21.149580378575614 ], [ 79.171909897600628, 21.149579933245025 ], [ 79.171908651532661, 21.149580231868402 ], [ 79.171903711061461, 21.149581286767098 ], [ 79.171898718271123, 21.149582096366107 ], [ 79.171893686991154, 21.149582658422915 ], [ 79.171888631157657, 21.149582971380685 ], [ 79.171883564774731, 21.149583034372579 ], [ 79.171878501875767, 21.149582847224099 ], [ 79.171873456484434, 21.149582410453629 ], [ 79.171868442575914, 21.149581725270981 ], [ 79.171863474038204, 21.149580793574053 ], [ 79.171858564633652, 21.14957961794353 ], [ 79.171853727960752, 21.149578201635798 ], [ 79.171848977416587, 21.149576548573872 ], [ 79.171844326159643, 21.149574663336566 ], [ 79.171839787073424, 21.149572551145781 ], [ 79.171835372730698, 21.149570217852059 ], [ 79.171831095358684, 21.149567669918383 ], [ 79.17182696680527, 21.149564914402252 ], [ 79.171822998506087, 21.149561958936147 ], [ 79.171819201452891, 21.14955881170641 ], [ 79.171815586163092, 21.149555481430511 ], [ 79.171812162650639, 21.149551977332965 ], [ 79.171808940398279, 21.149548309119737 ], [ 79.171805928331295, 21.149544486951388 ], [ 79.171803134792739, 21.149540521414902 ], [ 79.171800567520421, 21.149536423494396 ], [ 79.171798233625381, 21.149532204540648 ], [ 79.171796139572209, 21.149527876239727 ], [ 79.17179429116122, 21.149523450580521 ], [ 79.171792693512231, 21.149518939821625 ], [ 79.171791351050587, 21.149514356457367 ], [ 79.171790267494714, 21.149509713183139 ], [ 79.171789445845917, 21.149505022860311 ], [ 79.171788888380036, 21.14950029848055 ], [ 79.171788596641179, 21.149495553129867 ], [ 79.171780622872745, 21.149256585478177 ], [ 79.171780588226554, 21.149255214274991 ], [ 79.17177691337595, 21.149041179056745 ], [ 79.171776857980717, 21.149039621839982 ], [ 79.17167527156694, 21.147158325364639 ], [ 79.171675158765893, 21.147157005402729 ], [ 79.171674881739861, 21.147155706958479 ], [ 79.171315956898184, 21.145697438786602 ], [ 79.171314970435347, 21.145692903701409 ], [ 79.171314232932716, 21.145688327159771 ], [ 79.171313746327328, 21.145683721181811 ], [ 79.171313511897182, 21.145679097865006 ], [ 79.171313530258004, 21.145674469352347 ], [ 79.171313801361521, 21.145669847800473 ], [ 79.171388100468363, 21.144806955946486 ], [ 79.171388167381224, 21.144805814145538 ], [ 79.171387196917877, 21.144805122215637 ], [ 79.170605909314048, 21.144277201257978 ], [ 79.170601813150228, 21.144274274230181 ], [ 79.170597889663881, 21.144271145926819 ], [ 79.170594150079197, 21.144267825297263 ], [ 79.170590605094233, 21.144264321841046 ], [ 79.170587264850383, 21.144260645580747 ], [ 79.169883071167661, 21.143442247755207 ], [ 79.169880042090213, 21.143438534715113 ], [ 79.169877221905281, 21.14343467958102 ], [ 79.169874618171661, 21.143430692685669 ], [ 79.169872237867978, 21.14342658471492 ], [ 79.169870087374022, 21.143422366679175 ], [ 79.169231833594537, 21.142082420235532 ], [ 79.169231271361497, 21.142081321058239 ], [ 79.169230267981916, 21.142080546261397 ], [ 79.169052073345654, 21.141950400884724 ], [ 79.169047802306551, 21.141947092044397 ], [ 79.169043741187068, 21.14194355822746 ], [ 79.169039903431965, 21.141939811133007 ], [ 79.168491499275973, 21.141372560794007 ], [ 79.168488456489811, 21.141369256287444 ], [ 79.168485587517097, 21.141365817660905 ], [ 79.16848289906487, 21.141362252953169 ], [ 79.168207721292831, 21.140978009002723 ], [ 79.168207273307004, 21.140977394462094 ], [ 79.16796589074022, 21.140652057048854 ], [ 79.167963483454727, 21.14064865060492 ], [ 79.16796124290785, 21.14064514547195 ], [ 79.167152906182466, 21.139313128479955 ], [ 79.167151199874041, 21.139310525727481 ], [ 79.166476161104868, 21.138354893162791 ], [ 79.166472818573979, 21.138349802985761 ], [ 79.165980371560323, 21.137541102847813 ], [ 79.165979669725033, 21.137540022029054 ], [ 79.16597872855489, 21.137539115358138 ], [ 79.165824191579262, 21.137398386801216 ], [ 79.165820652351485, 21.137394989709744 ], [ 79.165817308405138, 21.13739142272934 ], [ 79.165814168991318, 21.137387695728115 ], [ 79.165811242795229, 21.137383819016879 ], [ 79.165808537912227, 21.137379803320631 ], [ 79.165806061825407, 21.137375659748862 ], [ 79.165803821384898, 21.137371399764845 ], [ 79.165801822788879, 21.137367035153879 ], [ 79.165800071566494, 21.137362577990757 ], [ 79.16579857256248, 21.13735804060628 ], [ 79.165797329923862, 21.137353435553205 ], [ 79.16579634708836, 21.137348775571471 ], [ 79.165795626775022, 21.137344073553017 ], [ 79.165795170976537, 21.137339342506035 ], [ 79.165794980953891, 21.137334595519039 ], [ 79.165795057232742, 21.13732984572464 ], [ 79.165795399602047, 21.137325106263219 ], [ 79.165796007114594, 21.137320390246558 ], [ 79.165796878089679, 21.137315710721598 ], [ 79.165798010117697, 21.137311080634294 ], [ 79.165799400066888, 21.137306512793856 ], [ 79.165801044091879, 21.137302019837282 ], [ 79.165802937644443, 21.137297614194392 ], [ 79.165805075486034, 21.13729330805344 ], [ 79.16580745170225, 21.137289113327441 ], [ 79.165810059719234, 21.137285041621151 ], [ 79.165812892321867, 21.137281104198998 ], [ 79.165815941673713, 21.137277311953905 ], [ 79.165819199338671, 21.137273675377173 ], [ 79.165822656304371, 21.137270204529415 ], [ 79.165826303007066, 21.137266909012794 ], [ 79.165830129358085, 21.137263797944389 ], [ 79.165834124771791, 21.137260879931006 ], [ 79.165838278194798, 21.137258163045367 ], [ 79.166069649407234, 21.137115149386929 ], [ 79.166070652850038, 21.137114493230886 ], [ 79.166069904474227, 21.137113585574156 ], [ 79.164177589892631, 21.134938403701284 ], [ 79.16417454706415, 21.134934715503359 ], [ 79.164171711234843, 21.134930884846931 ], [ 79.16416908996743, 21.134926921947745 ], [ 79.164166690252401, 21.13492283737423 ], [ 79.164164518489386, 21.134918642019326 ], [ 79.164162580470119, 21.134914347071359 ], [ 79.164160881362974, 21.134909963984306 ], [ 79.164159425699182, 21.134905504447143 ], [ 79.164158217360765, 21.134900980352764 ], [ 79.164157259570104, 21.134896403766213 ], [ 79.164156554881487, 21.13489178689251 ], [ 79.164156105174158, 21.134887142044143 ], [ 79.164131383730975, 21.134529511288509 ], [ 79.164131266344327, 21.134528312880093 ], [ 79.164130456818398, 21.134527379354932 ], [ 79.163916329888977, 21.134293580010308 ], [ 79.163913197824755, 21.134289976530297 ], [ 79.163910267585777, 21.134286226589687 ], [ 79.163907546938887, 21.134282340128003 ], [ 79.163905043095355, 21.134278327446633 ], [ 79.163902762691805, 21.134274199181505 ], [ 79.163900711772612, 21.134269966274946 ], [ 79.163898895773912, 21.134265639946612 ], [ 79.163466605809319, 21.133152544917994 ], [ 79.16346573985038, 21.133150475093984 ], [ 79.163260350276829, 21.132693002922093 ], [ 79.163259875619943, 21.132692013071207 ], [ 79.163259207617727, 21.132691126881234 ], [ 79.16306599853651, 21.132447482852509 ], [ 79.163063100476762, 21.13244362142153 ], [ 79.163060421522175, 21.132439623137156 ], [ 79.163057968998061, 21.132435498932313 ], [ 79.163055749610606, 21.132431260084232 ], [ 79.163053769428473, 21.13242691818364 ], [ 79.163052033866279, 21.132422485103035 ], [ 79.163050547669684, 21.132417972964248 ], [ 79.163049314902565, 21.132413394105285 ], [ 79.162194212334612, 21.128846963990764 ], [ 79.162193166783837, 21.12884194291362 ], [ 79.162192425937974, 21.128836874345517 ], [ 79.162191992174257, 21.128831774550687 ], [ 79.162191866884527, 21.12882665989353 ], [ 79.162192050470793, 21.128821546786174 ], [ 79.162234424854802, 21.128181135689708 ], [ 79.16223446917661, 21.128180006320338 ], [ 79.162233926750332, 21.128178997263564 ], [ 79.161186685809739, 21.126347124733407 ], [ 79.16118608290941, 21.126346132325562 ], [ 79.161184875984645, 21.126346282384745 ], [ 79.155572631904121, 21.127182437401547 ], [ 79.155567906769505, 21.127183029165565 ], [ 79.155563156203854, 21.127183400714408 ], [ 79.155558391858406, 21.127183551136806 ], [ 79.155553625418179, 21.127183480063838 ], [ 79.155548868573334, 21.127183187669829 ], [ 79.153459947533989, 21.127005938630361 ], [ 79.153454909353741, 21.127005385182507 ], [ 79.153449909243548, 21.127004583480861 ], [ 79.15344496108915, 21.127003535751815 ], [ 79.153440078632073, 21.127002244905025 ], [ 79.153435275431292, 21.127000714525284 ], [ 79.153430564825811, 21.12699894886261 ], [ 79.153425959897362, 21.126996952820406 ], [ 79.153421473434278, 21.12699473194187 ], [ 79.15341711789587, 21.12699229239459 ], [ 79.153412905377863, 21.126989640953418 ], [ 79.153408847578802, 21.126986784981643 ], [ 79.153404955767556, 21.126983732410579 ], [ 79.153401240752046, 21.126980491717479 ], [ 79.153397712849184, 21.126977071902061 ], [ 79.153394381856259, 21.126973482461462 ], [ 79.153391257023742, 21.126969733363893 ], [ 79.153388347029562, 21.126965835020929 ], [ 79.153385659955006, 21.126961798258627 ], [ 79.153383203262308, 21.126957634287447 ], [ 79.153380983773928, 21.126953354671119 ], [ 79.153379007653541, 21.126948971294521 ], [ 79.15337728038898, 21.126944496330665 ], [ 79.153375806777021, 21.126939942206963 ], [ 79.153309958616475, 21.126715310638179 ], [ 79.153308719715497, 21.12671059108634 ], [ 79.153307753226457, 21.126705815832914 ], [ 79.153307061948723, 21.126700998709225 ], [ 79.153306647884534, 21.126696153667893 ], [ 79.153205542199402, 21.12491135888952 ], [ 79.153205406978628, 21.124906843277465 ], [ 79.153205512577514, 21.124902326970091 ], [ 79.15320585873188, 21.124897821266636 ], [ 79.15320644457563, 21.124893337439779 ], [ 79.153207268643087, 21.124888886707463 ], [ 79.153208328872466, 21.124884480204852 ], [ 79.153209622611215, 21.124880128956455 ], [ 79.153211146622567, 21.124875843848503 ], [ 79.153212897093582, 21.124871635601803 ], [ 79.153214869644827, 21.124867514744825 ], [ 79.153217059341216, 21.124863491587426 ], [ 79.153335213744242, 21.12465918663116 ], [ 79.15333650945793, 21.124656777013826 ], [ 79.15342512211727, 21.124478959628316 ], [ 79.153425663647695, 21.12447778745933 ], [ 79.153426060352501, 21.124476565328962 ], [ 79.15354472168562, 21.124069996222129 ], [ 79.153545058278226, 21.124068691747389 ], [ 79.153545311575044, 21.124067370796631 ], [ 79.153610412085342, 21.123658380567303 ], [ 79.153610563620219, 21.123657219207612 ], [ 79.153609426978434, 21.123656737973075 ], [ 79.153105233898202, 21.123458146621566 ], [ 79.153104092343028, 21.123457728839202 ], [ 79.153102875313465, 21.123457595322837 ], [ 79.152377123644584, 21.123395561854938 ], [ 79.152375677432872, 21.123395427901304 ], [ 79.151963931652674, 21.12335434285573 ], [ 79.151962498013717, 21.123354240376752 ], [ 79.151961060409306, 21.12335421850679 ], [ 79.15040737829797, 21.12337418486312 ], [ 79.150406203222303, 21.123374226972718 ], [ 79.150405047372615, 21.123374430014415 ], [ 79.149425841627107, 21.123569833852439 ], [ 79.14942097996537, 21.12357068215023 ], [ 79.149416078287203, 21.123571295059367 ], [ 79.147720337408472, 21.123741855430552 ], [ 79.147718908508082, 21.123742040019401 ], [ 79.147717513486569, 21.123742383964583 ], [ 79.147285664998421, 21.123861974300077 ], [ 79.147281577559284, 21.12386301506066 ], [ 79.147277445282086, 21.123863886106886 ], [ 79.146821994342744, 21.123950060500903 ], [ 79.146818438338443, 21.123950866443717 ], [ 79.146122627265441, 21.124135098035268 ], [ 79.1461176977284, 21.124136272235706 ], [ 79.146112708971927, 21.124137200495237 ], [ 79.146107674923712, 21.124137880222314 ], [ 79.146102609637907, 21.124138309519278 ], [ 79.145070617531331, 21.124200033163685 ], [ 79.145068381113887, 21.124200142424691 ], [ 79.143912760164184, 21.124243956018134 ], [ 79.143911602479861, 21.124244026183973 ], [ 79.143910449749669, 21.124244148656821 ], [ 79.143010114380317, 21.124360504291957 ], [ 79.143007101914236, 21.124360985508869 ], [ 79.142558193909565, 21.124446538842616 ], [ 79.142554186424306, 21.12444722009327 ], [ 79.142550151811875, 21.124447741673439 ], [ 79.142356901800269, 21.124468825902376 ], [ 79.142351903448528, 21.124469247658567 ], [ 79.142346888462285, 21.124469424409753 ], [ 79.142341870473899, 21.124469355675451 ], [ 79.142336863123887, 21.124469041642516 ], [ 79.142331880023917, 21.124468483164602 ], [ 79.142326934719634, 21.124467681759818 ], [ 79.142322040654037, 21.124466639606663 ], [ 79.142317211130759, 21.124465359538036 ], [ 79.142312459278017, 21.124463845033596 ], [ 79.142307798012936, 21.124462100210259 ], [ 79.142303240006328, 21.124460129811023 ], [ 79.142298797648337, 21.124457939192084 ], [ 79.142294483014737, 21.124455534308254 ], [ 79.142290307834116, 21.124452921696808 ], [ 79.142286283455945, 21.124450108459659 ], [ 79.142282420819825, 21.124447102244115 ], [ 79.142278730425616, 21.124443911222048 ], [ 79.142275222305017, 21.124440544067696 ], [ 79.142271905994207, 21.124437009934081 ], [ 79.142268790507998, 21.124433318428128 ], [ 79.142265884315279, 21.124429479584549 ], [ 79.142263195316005, 21.124425503838577 ], [ 79.142260730819729, 21.124421401997566 ], [ 79.142258497525745, 21.124417185211666 ], [ 79.142256501504832, 21.124412864943462 ], [ 79.142254748182808, 21.124408452936844 ], [ 79.142253242325737, 21.124403961185067 ], [ 79.142251988027013, 21.124399401898177 ], [ 79.142250988696219, 21.124394787469793 ], [ 79.142250247049802, 21.124390130443405 ], [ 79.141925545297624, 21.121910509594088 ], [ 79.141925370932682, 21.121909404731213 ], [ 79.141925138504305, 21.121908309319174 ], [ 79.141844922053707, 21.121573731312285 ], [ 79.141844070024916, 21.121569764485361 ], [ 79.141843408230997, 21.121565765829246 ], [ 79.141842938000536, 21.121561743371512 ], [ 79.141747211226317, 21.1205300986874 ], [ 79.141747066367003, 21.120528906181192 ], [ 79.141746721044512, 21.120527750516803 ], [ 79.141483284781145, 21.119728667107239 ], [ 79.14148185547694, 21.119723866040882 ], [ 79.141480710662577, 21.119718998292988 ], [ 79.141479853825686, 21.119714078693107 ], [ 79.141479287576587, 21.119709122228738 ], [ 79.141479013640321, 21.119704143999691 ], [ 79.141479032851407, 21.119699159172086 ], [ 79.141479345151282, 21.11969418293214 ], [ 79.141479949588486, 21.11968923043991 ], [ 79.141670832630382, 21.118433001495827 ], [ 79.14167097073458, 21.118431898816656 ], [ 79.141670934239627, 21.118430789077564 ], [ 79.141627883820377, 21.117703516023369 ], [ 79.141627752851392, 21.117702105257848 ], [ 79.141627527771107, 21.117700704987278 ], [ 79.141475679148414, 21.116922566946737 ], [ 79.141474930806822, 21.116918104982666 ], [ 79.141474421153688, 21.116913613491548 ], [ 79.141474151463811, 21.116909103708089 ], [ 79.141474122411736, 21.1169045869127 ], [ 79.141474334070139, 21.116900074403357 ], [ 79.141629710451909, 21.114790216002223 ], [ 79.141629764608851, 21.11478900676352 ], [ 79.141629210735928, 21.114787913724054 ], [ 79.140711604762743, 21.113096337574618 ], [ 79.140709410676138, 21.113092012798838 ], [ 79.140707464026931, 21.113087584954204 ], [ 79.140705770290538, 21.11308306649514 ], [ 79.140704334230975, 21.113078470130954 ], [ 79.140703159887536, 21.113073808790094 ], [ 79.140702250563294, 21.113069095583747 ], [ 79.140701608815959, 21.113064343769015 ], [ 79.140701236450568, 21.113059566711538 ], [ 79.140513561173492, 21.109274433783892 ], [ 79.140513464175939, 21.10927320341337 ], [ 79.140513295637405, 21.109271979859336 ], [ 79.140391692516076, 21.108545949419881 ], [ 79.140391469028941, 21.108544807698625 ], [ 79.140391060864957, 21.108543711883392 ], [ 79.140292557917405, 21.108299634660312 ], [ 79.140292068213085, 21.108298513168432 ], [ 79.140291515026746, 21.108297417975447 ], [ 79.140164410412297, 21.10806231228602 ], [ 79.14016230349165, 21.108058155868033 ], [ 79.140160424969551, 21.108053904121874 ], [ 79.140158779724999, 21.108049568090411 ], [ 79.140157372031069, 21.108045159035434 ], [ 79.140156205543917, 21.108040688408373 ], [ 79.140155283293154, 21.108036167820597 ], [ 79.140097812836302, 21.107709609379778 ], [ 79.14009756555761, 21.107708408083962 ], [ 79.140097181016444, 21.107707239004963 ], [ 79.139935980440484, 21.107260554198831 ], [ 79.139935574051819, 21.107259513271927 ], [ 79.139934861993382, 21.107258628688317 ], [ 79.139329121454779, 21.106543469844528 ], [ 79.139328276149868, 21.106542526186292 ], [ 79.139327151136044, 21.106541889635228 ], [ 79.138457909443588, 21.106080078152715 ], [ 79.138453457606957, 21.10607756164038 ], [ 79.138449157023288, 21.106074823290577 ], [ 79.138445020233235, 21.106071871088446 ], [ 79.138441059299808, 21.106068713642699 ], [ 79.138437285773193, 21.106065360160557 ], [ 79.138433710657125, 21.106061820420884 ], [ 79.138430344376715, 21.106058104745678 ], [ 79.138427196748154, 21.106054223969966 ], [ 79.138424276949976, 21.106050189410222 ], [ 79.138421593496446, 21.106046012831357 ], [ 79.138419154212542, 21.106041706412402 ], [ 79.138416966211267, 21.106037282711014 ], [ 79.138415035872868, 21.106032754626842 ], [ 79.138413368826292, 21.106028135363914 ], [ 79.138411969932633, 21.106023438392157 ], [ 79.137902535560926, 21.10411563547818 ], [ 79.13790147451202, 21.104111188938038 ], [ 79.137900653808799, 21.104106697837217 ], [ 79.137900075540358, 21.104102173608158 ], [ 79.1378997411787, 21.10409762776764 ], [ 79.137899651574955, 21.104093071887448 ], [ 79.137899806957222, 21.104088517564914 ], [ 79.137900206929899, 21.104083976393415 ], [ 79.137900850474807, 21.104079459932837 ], [ 79.137901735953761, 21.104074979680188 ], [ 79.137902861112664, 21.104070547040262 ], [ 79.137904223087318, 21.104066173296697 ], [ 79.137905007231382, 21.104064057906594 ], [ 79.137905366136636, 21.104062998508248 ], [ 79.137905101456226, 21.104061855587204 ], [ 79.137711053559912, 21.10331800534372 ], [ 79.137709956801871, 21.103313249888672 ], [ 79.137709134547833, 21.103308445907583 ], [ 79.137708589184285, 21.103303607343573 ], [ 79.137656241437853, 21.102678615341134 ], [ 79.137655977790061, 21.102673876796644 ], [ 79.137655979713585, 21.10266913179801 ], [ 79.137656247203097, 21.102664393443124 ], [ 79.137656779520213, 21.102659674811559 ], [ 79.137657575195476, 21.102654988928435 ], [ 79.137658632032569, 21.102650348728464 ], [ 79.137659947114173, 21.102645767020274 ], [ 79.137661516810184, 21.102641256451022 ], [ 79.137663336787668, 21.102636829471496 ], [ 79.137665402022805, 21.102632498301745 ], [ 79.137667706814781, 21.102628274897356 ], [ 79.137670244801527, 21.102624170916421 ], [ 79.137673008977274, 21.102620197687408 ], [ 79.137675991711902, 21.102616366177852 ], [ 79.137679184771983, 21.102612686964086 ], [ 79.13768257934349, 21.102609170202047 ], [ 79.137686166056213, 21.102605825599273 ], [ 79.137689935009519, 21.102602662388037 ], [ 79.137693875799741, 21.102599689299957 ], [ 79.137697977548882, 21.102596914541795 ], [ 79.137702228934657, 21.102594345772882 ], [ 79.138227627030417, 21.102294911508583 ], [ 79.138228680119752, 21.102294275466217 ], [ 79.138229614684022, 21.102293493154583 ], [ 79.142809567590561, 21.098253322554719 ], [ 79.142810471491671, 21.098252481557587 ], [ 79.142810987477645, 21.098251389613282 ], [ 79.143015356393235, 21.097785872090263 ], [ 79.143017430638338, 21.097781482417453 ], [ 79.143019750568499, 21.097777202409272 ], [ 79.143022309625366, 21.097773044165073 ], [ 79.143025100574619, 21.097769019440008 ], [ 79.143028115526391, 21.097765139611749 ], [ 79.14303134595751, 21.097761415648375 ], [ 79.143034782735739, 21.097757858077319 ], [ 79.143038416145487, 21.097754476955657 ], [ 79.143042235915246, 21.097751281841646 ], [ 79.143559392623146, 21.097341319302956 ], [ 79.143560277265379, 21.097340582153649 ], [ 79.143560894108532, 21.097339634785847 ], [ 79.143990510903365, 21.096641656812633 ], [ 79.143993425465581, 21.096637222117891 ], [ 79.144325251469283, 21.096163477616891 ], [ 79.144328081271809, 21.096159655818507 ], [ 79.144331117100705, 21.096155975893097 ], [ 79.144334350894837, 21.096152447612091 ], [ 79.144337774067395, 21.096149080344215 ], [ 79.144341377528733, 21.09614588303069 ], [ 79.144898024655717, 21.095676866185965 ], [ 79.144901957236996, 21.095673727316338 ], [ 79.14490606352139, 21.09567079086959 ], [ 79.144910331692103, 21.09566806529606 ], [ 79.145808486631665, 21.095127010465312 ], [ 79.145809479320988, 21.095126378994227 ], [ 79.145810228551241, 21.095125500217002 ], [ 79.146923872529058, 21.093750098471656 ], [ 79.14692457161334, 21.093749188739892 ], [ 79.146924779717622, 21.093748084251697 ], [ 79.147024270362394, 21.093130409047173 ], [ 79.147024990434616, 21.093126516654412 ], [ 79.147025891202972, 21.093122657538636 ], [ 79.147155490323556, 21.092620256235428 ], [ 79.147156707610577, 21.092615995218392 ], [ 79.147158145158812, 21.092611795069409 ], [ 79.147159799538343, 21.09260766580983 ], [ 79.147161666801892, 21.092603617291825 ], [ 79.147163742494257, 21.092599659174947 ], [ 79.147166021662926, 21.092595800903052 ], [ 79.147168498869917, 21.092592051681752 ], [ 79.147608444571134, 21.091961139934295 ], [ 79.14760907312683, 21.091960187658394 ], [ 79.147609488687579, 21.091959137563851 ], [ 79.14779549133209, 21.091450717059324 ], [ 79.147795865684927, 21.091449599456048 ], [ 79.147795531762867, 21.091448470625657 ], [ 79.147531423883976, 21.090638454169241 ], [ 79.147530173643744, 21.090634260941179 ], [ 79.147529140212228, 21.090630016033465 ], [ 79.147528325991587, 21.090625729313249 ], [ 79.147527732874437, 21.09062141074487 ], [ 79.147418026393098, 21.089635735603483 ], [ 79.147417870004517, 21.0896346073615 ], [ 79.147417417863608, 21.089633551703134 ], [ 79.147182682278327, 21.089123170372698 ], [ 79.147180848491857, 21.089118885297168 ], [ 79.147179250480363, 21.089114517856839 ], [ 79.147177892421482, 21.089110079469403 ], [ 79.147176777865482, 21.089105581738025 ], [ 79.147175909726144, 21.089101036421003 ], [ 79.147175290272983, 21.089096455401052 ], [ 79.147174921125369, 21.089091850654203 ], [ 79.147174803248376, 21.089087234218518 ], [ 79.147174936950137, 21.089082618162646 ], [ 79.147175321881065, 21.089078014554211 ], [ 79.147175957034847, 21.089073435428279 ], [ 79.147176840750973, 21.089068892755954 ], [ 79.147309930692259, 21.08847160861152 ], [ 79.147310163725052, 21.088470398565956 ], [ 79.147310039947925, 21.088469174414673 ], [ 79.147241752478891, 21.087946267599889 ], [ 79.147241568729015, 21.087945110925791 ], [ 79.147240901789615, 21.087944123073541 ], [ 79.146945188821661, 21.087530364198365 ], [ 79.146452466503717, 21.086851335544306 ], [ 79.146449662245189, 21.086847237636135 ], [ 79.146447097439435, 21.086843003814863 ], [ 79.146444779544822, 21.086838646392362 ], [ 79.146442715301717, 21.08683417803994 ], [ 79.146440910712883, 21.086829611751465 ], [ 79.146439371026005, 21.086824960805636 ], [ 79.146438100718427, 21.086820238727281 ], [ 79.146437103484161, 21.086815459248122 ], [ 79.146436382223129, 21.086810636266769 ], [ 79.146435939032671, 21.086805783808366 ], [ 79.146435775201596, 21.086800915983751 ], [ 79.146435891206252, 21.08679604694845 ], [ 79.146562935914673, 21.084380518503867 ], [ 79.146562993878234, 21.084378080026152 ], [ 79.146541192179882, 21.080034262179872 ], [ 79.14654129041314, 21.080029734727908 ], [ 79.146541630317031, 21.080025217588421 ], [ 79.146542211036987, 21.080020722117769 ], [ 79.146543031113012, 21.080016259617825 ], [ 79.146544088483367, 21.080011841307567 ], [ 79.146545380489755, 21.080007478294867 ], [ 79.146546903883973, 21.080003181548598 ], [ 79.14654865483611, 21.07999896187102 ], [ 79.147780317045829, 21.077237482843632 ], [ 79.147780757437616, 21.077236418581236 ], [ 79.147779606483724, 21.077236049043947 ], [ 79.146634457641355, 21.076899311010113 ], [ 79.146633394628623, 21.076899023482738 ], [ 79.146632299547079, 21.076898876154843 ], [ 79.139514915925332, 21.07609773229068 ], [ 79.139509952043085, 21.076097049812464 ], [ 79.139505032805701, 21.076096125437243 ], [ 79.139500171585084, 21.076094961677729 ], [ 79.139495381595452, 21.076093561697373 ], [ 79.139490675857417, 21.076091929301732 ], [ 79.139486067162537, 21.076090068928121 ], [ 79.139481568038576, 21.076087985633603 ], [ 79.139477190715468, 21.076085685081161 ], [ 79.139472947092031, 21.076083173524385 ], [ 79.139468848703714, 21.076080457790415 ], [ 79.13946490669106, 21.076077545261395 ], [ 79.139461131769636, 21.076074443854459 ], [ 79.139457534200758, 21.076071162000108 ], [ 79.139454123763642, 21.076067708619394 ], [ 79.139450909728851, 21.076064093099603 ], [ 79.139447900833048, 21.076060325268767 ], [ 79.139445105255248, 21.076056415368956 ], [ 79.13944253059465, 21.076052374028396 ], [ 79.139440183849885, 21.076048212232639 ], [ 79.139438071400093, 21.076043941294639 ], [ 79.139436198987497, 21.076039572824058 ], [ 79.139434571701798, 21.076035118695643 ], [ 79.139433193966454, 21.076030591017012 ], [ 79.139432069526507, 21.076026002095713 ], [ 79.13943120143847, 21.076021364405751 ], [ 79.139430592062041, 21.076016690553697 ], [ 79.139430243053681, 21.076011993244428 ], [ 79.1393251569082, 21.073748725648947 ], [ 79.139325065067951, 21.073747508752973 ], [ 79.139324498497501, 21.073746410810926 ], [ 79.13839084973101, 21.072055757630618 ], [ 79.138389399665883, 21.072053019324706 ], [ 79.137756240349319, 21.070804765291069 ], [ 79.137755672685273, 21.070803717581295 ], [ 79.137754835959157, 21.070802843054956 ], [ 79.137037583891754, 21.070091476644436 ], [ 79.137036679608045, 21.070090626481353 ], [ 79.137035535891897, 21.070090087249806 ], [ 79.135605668213174, 21.069460270524324 ], [ 79.135604590305334, 21.069459825669629 ], [ 79.135603454555451, 21.069459533969194 ], [ 79.132511521717504, 21.068741397952852 ], [ 79.132510676466751, 21.068741209211623 ], [ 79.130884637949777, 21.0683926439422 ], [ 79.130883495040194, 21.068392426175407 ], [ 79.130882342222876, 21.068392260697834 ], [ 79.129816089344061, 21.068263967172925 ], [ 79.129813302645999, 21.068263708999183 ], [ 79.128108185559014, 21.068152656904587 ], [ 79.128103174235036, 21.068152206585282 ], [ 79.128098194863327, 21.068151510860563 ], [ 79.128093261074781, 21.068150571634977 ], [ 79.12808838637558, 21.068149391479629 ], [ 79.128083584110087, 21.068147973625173 ], [ 79.128078867424435, 21.068146321952963 ], [ 79.128074249230451, 21.068144440984415 ], [ 79.128069742170325, 21.06814233586865 ], [ 79.128065358582049, 21.068140012368378 ], [ 79.128061110465623, 21.068137476844136 ], [ 79.128057009450146, 21.068134736236882 ], [ 79.12805306676205, 21.068131798048956 ], [ 79.12804929319438, 21.068128670323592 ], [ 79.128045699077177, 21.068125361622883 ], [ 79.128042294249227, 21.06812188100433 ], [ 79.128039088031173, 21.068118237996046 ], [ 79.128036089199966, 21.068114442570693 ], [ 79.12803330596482, 21.06811050511816 ], [ 79.128030745944741, 21.068106436417153 ], [ 79.128028416147728, 21.068102247605637 ], [ 79.128026322951527, 21.068097950150388 ], [ 79.12802447208621, 21.068093555815611 ], [ 79.127827627134351, 21.067587897233338 ], [ 79.127827176790134, 21.067586827092722 ], [ 79.127825966597825, 21.067586643917249 ], [ 79.126233125481036, 21.067385067747779 ], [ 79.126231797086305, 21.067384934800767 ], [ 79.126230462873778, 21.067384871347791 ], [ 79.125066529782515, 21.067359926360464 ], [ 79.125065316689899, 21.067359929475014 ], [ 79.125064635245295, 21.067360871500753 ], [ 79.124910169363531, 21.067586614054914 ], [ 79.124909257322685, 21.067588001401493 ], [ 79.124715772655549, 21.067894567992308 ], [ 79.124715237646541, 21.067895437591837 ], [ 79.124480969800786, 21.068286182814713 ], [ 79.12448033636592, 21.068287313264683 ], [ 79.124479990353066, 21.068288548553497 ], [ 79.124340670219809, 21.068850310433923 ], [ 79.124340429504528, 21.068851402914383 ], [ 79.124340422658051, 21.068852518495735 ], [ 79.124373271032027, 21.070474069985977 ], [ 79.124373425348949, 21.07047692542513 ], [ 79.124465003727067, 21.071518319438947 ], [ 79.124465279871217, 21.071522838733436 ], [ 79.124465314410514, 21.071527365338312 ], [ 79.12446510725816, 21.071531887881601 ], [ 79.124399294472653, 21.072438498594998 ], [ 79.124399240242482, 21.072439798204201 ], [ 79.12439942559061, 21.072441087122364 ], [ 79.124536733795864, 21.073224505094494 ], [ 79.124537481210936, 21.073229710375351 ], [ 79.124537904971575, 21.073234947634564 ], [ 79.124538003644503, 21.073240199158551 ], [ 79.124525224214807, 21.074287815010614 ], [ 79.12452508288257, 21.074291782073622 ], [ 79.12444302013607, 21.075680574577731 ], [ 79.124442718301808, 21.075684292562254 ], [ 79.124442253210418, 21.075687995683964 ], [ 79.123828970308324, 21.079832948990525 ], [ 79.123828832211572, 21.079834098725339 ], [ 79.123829072932622, 21.079835233469748 ], [ 79.123989750213013, 21.080502512231757 ], [ 79.123990714373392, 21.08050705518545 ], [ 79.123991429081599, 21.080511638561685 ], [ 79.123991892457411, 21.080516250302935 ], [ 79.123992103281793, 21.080520878277067 ], [ 79.123992061000123, 21.080525510309229 ], [ 79.123991765723588, 21.080530134213937 ], [ 79.123991218228952, 21.08053473782703 ], [ 79.123862246691019, 21.081413999943255 ], [ 79.123862001078606, 21.081416005210695 ], [ 79.123799109508838, 21.082055087216762 ], [ 79.123798949282545, 21.082057316505331 ], [ 79.123770552182421, 21.082682451263988 ], [ 79.123770531251779, 21.082683596755889 ], [ 79.123770818398967, 21.082684710267561 ], [ 79.123998494266559, 21.083478619712281 ], [ 79.123999706331659, 21.083483350476751 ], [ 79.124000645174604, 21.08348813563946 ], [ 79.12400130807039, 21.083492961311439 ], [ 79.124001693094925, 21.083497813486186 ], [ 79.124001799130639, 21.083502678080247 ], [ 79.124001625869752, 21.083507540974125 ], [ 79.124001173815117, 21.083512388053258 ], [ 79.124000444278806, 21.083517205248988 ], [ 79.123999439378267, 21.083521978579384 ], [ 79.123998162030205, 21.083526694189835 ], [ 79.123705132815701, 21.084498091216233 ], [ 79.123705066894331, 21.084498308705918 ], [ 79.12345764913691, 21.085310725231761 ], [ 79.12345685855594, 21.085313699978105 ], [ 79.123274203749986, 21.086116104929584 ], [ 79.12327377696333, 21.086117891011099 ], [ 79.122957422530135, 21.087381685040853 ], [ 79.122956124408688, 21.087386315785643 ], [ 79.12295456659858, 21.087390875451504 ], [ 79.122952753478842, 21.087395351221101 ], [ 79.122950690146226, 21.087399730512885 ], [ 79.122948382400736, 21.087404001016537 ], [ 79.122945836729571, 21.087408150727519 ], [ 79.122943060288648, 21.087412167980872 ], [ 79.122940060882613, 21.087416041483955 ], [ 79.122936846942864, 21.087419760348237 ], [ 79.122933427503909, 21.08742331411986 ], [ 79.122929812177873, 21.087426692809053 ], [ 79.122926011127561, 21.087429886918219 ], [ 79.122922035037817, 21.087432887468594 ], [ 79.122917895085592, 21.08743568602555 ], [ 79.122913602908397, 21.087438274722235 ], [ 79.122909170571674, 21.087440646281735 ], [ 79.122904610534903, 21.087442794037532 ], [ 79.122899935616473, 21.087444711952191 ], [ 79.122895158957732, 21.087446394634409 ], [ 79.12289029398606, 21.087447837354102 ], [ 79.122885354377033, 21.087449036055734 ], [ 79.122880354016075, 21.08744998736972 ], [ 79.122707260418011, 21.087478457139152 ], [ 79.122702130284281, 21.087479167789645 ], [ 79.122696966809144, 21.087479618047908 ], [ 79.12269178498714, 21.08747980660641 ], [ 79.122686599866057, 21.087479732917565 ], [ 79.122681426503334, 21.087479397195384 ], [ 79.122676279922203, 21.087478800414782 ], [ 79.122111716240127, 21.087398786548913 ], [ 79.122110398551087, 21.087398634649563 ], [ 79.122109072230444, 21.087398689165216 ], [ 79.121328474170724, 21.087451107725194 ], [ 79.121327107318592, 21.087451236510343 ], [ 79.12132578404227, 21.087451582684814 ], [ 79.120401687198637, 21.087720309987208 ], [ 79.120396869089078, 21.087721583172328 ], [ 79.120391986956932, 21.087722619511464 ], [ 79.120387054011204, 21.087723416200721 ], [ 79.118923630957141, 21.087923132014812 ], [ 79.118922432028441, 21.087923325450507 ], [ 79.118922426443163, 21.087924467143139 ], [ 79.118929006194548, 21.088214883531176 ], [ 79.118928983616712, 21.08821954421002 ], [ 79.118928704872332, 21.088224197589497 ], [ 79.11892817070374, 21.088228831276634 ], [ 79.118927382533528, 21.08823343293086 ], [ 79.118926342460753, 21.08823799029695 ], [ 79.11892505325531, 21.088242491237601 ], [ 79.11892351835067, 21.088246923765809 ], [ 79.118921741834569, 21.088251276076743 ], [ 79.118919728438286, 21.088255536579222 ], [ 79.118917483523887, 21.08825969392657 ], [ 79.118915013070108, 21.088263737046812 ], [ 79.118912323656289, 21.088267655172231 ], [ 79.118909422444929, 21.088271437867952 ], [ 79.118906317162597, 21.088275075059823 ], [ 79.118903016079358, 21.088278557061152 ], [ 79.118899527986741, 21.088281874598596 ], [ 79.118895862174313, 21.088285018836793 ], [ 79.118892028404943, 21.088287981401926 ], [ 79.118888036888833, 21.088290754404003 ], [ 79.118883898256286, 21.088293330457908 ], [ 79.118879623529423, 21.088295702703014 ], [ 79.118875224092804, 21.088297864821492 ], [ 79.118870711663149, 21.088299811055123 ], [ 79.118866098258039, 21.088301536220655 ], [ 79.11886139616405, 21.088303035723577 ], [ 79.118856617903944, 21.088304305570382 ], [ 79.118851776203286, 21.088305342379154 ], [ 79.118846883956664, 21.088306143388664 ], [ 79.118841954193215, 21.088306706465623 ], [ 79.118837000042035, 21.088307030110439 ], [ 79.118832034697149, 21.088307113461177 ], [ 79.118827071382441, 21.088306956295853 ], [ 79.11823034304534, 21.088273575132735 ], [ 79.11822900091704, 21.088273535345774 ], [ 79.118227662442649, 21.08827363638974 ], [ 79.117665413945062, 21.088330967493345 ], [ 79.117660253880416, 21.088331362174547 ], [ 79.117655078666502, 21.088331495842745 ], [ 79.117649903282398, 21.088331368111046 ], [ 79.11764474270764, 21.088330979349152 ], [ 79.117639611878943, 21.088330330682304 ], [ 79.117634525646892, 21.088329423987982 ], [ 79.117629498732995, 21.088328261890517 ], [ 79.117624545687093, 21.088326847753475 ], [ 79.116991963280768, 21.088128640468245 ], [ 79.116987154232859, 21.088126999017117 ], [ 79.116982444957998, 21.088125119969604 ], [ 79.116977848772862, 21.088123008639197 ], [ 79.116973378674288, 21.088120670996219 ], [ 79.116969047302618, 21.088118113650935 ], [ 79.116964866905889, 21.088115343834886 ], [ 79.116960849305201, 21.088112369380415 ], [ 79.116957005861309, 21.088109198698568 ], [ 79.116953347442518, 21.088105840755212 ], [ 79.116949884393918, 21.088102305045791 ], [ 79.11694662650811, 21.088098601568401 ], [ 79.116943582997564, 21.088094740795565 ], [ 79.116940762468573, 21.088090733644567 ], [ 79.116938172896852, 21.08808659144664 ], [ 79.11693582160504, 21.088082325914879 ], [ 79.116933715241984, 21.088077949111138 ], [ 79.116931859763923, 21.088073473411924 ], [ 79.116930260417647, 21.088068911473385 ], [ 79.116822241057378, 21.087730767648264 ], [ 79.116821873730359, 21.087729713110068 ], [ 79.116821147529436, 21.087728837670582 ], [ 79.116542791692879, 21.087409841707334 ], [ 79.116539342695077, 21.087405643588887 ], [ 79.116536162089616, 21.087401262786781 ], [ 79.116533260834814, 21.087396714394494 ], [ 79.116530648926528, 21.087392014082894 ], [ 79.116298236428378, 21.086942032079097 ], [ 79.116296224907927, 21.086937872668088 ], [ 79.116294440043873, 21.086933623126157 ], [ 79.116292886402007, 21.086929294323927 ], [ 79.116291567956623, 21.086924897334754 ], [ 79.116290488080367, 21.086920443406431 ], [ 79.116212052433767, 21.086554378130462 ], [ 79.11621176930349, 21.086553217441139 ], [ 79.116210804740419, 21.086552443928301 ], [ 79.116016363971738, 21.086404732305628 ], [ 79.116015393223549, 21.086404032933395 ], [ 79.116014214812424, 21.086404342799081 ], [ 79.11563104812862, 21.086515167922883 ], [ 79.115628770964619, 21.086515885449401 ], [ 79.115341815279479, 21.086613850970309 ], [ 79.115340516121734, 21.086614335094474 ], [ 79.11533924915291, 21.08661488928886 ], [ 79.115185546793967, 21.086687300178873 ], [ 79.115180382018721, 21.086689556280756 ], [ 79.115002312925839, 21.08676140194596 ], [ 79.11499856979556, 21.086762825603035 ], [ 79.114994766309522, 21.08676410059714 ], [ 79.114841137227415, 21.086812212538828 ], [ 79.114839917544458, 21.086812629311865 ], [ 79.114838903731297, 21.086813390035907 ], [ 79.114691615153816, 21.086930188948283 ], [ 79.114688077392174, 21.086932862651942 ], [ 79.114684409136387, 21.086935376699817 ], [ 79.114680618559404, 21.086937725490557 ], [ 79.114676714106693, 21.086939903791016 ], [ 79.114672704477456, 21.086941906747889 ], [ 79.114430791927106, 21.087055957771241 ], [ 79.114425800967794, 21.087058145201919 ], [ 79.114420684823699, 21.087060061035249 ], [ 79.114415460258428, 21.087061698993782 ], [ 79.114410144390874, 21.087063053710558 ], [ 79.114404754639054, 21.087064120746703 ], [ 79.114141458827589, 21.087108900779715 ], [ 79.114136783961598, 21.087109584914085 ], [ 79.1141320789161, 21.087110052570402 ], [ 79.11412735506515, 21.087110302618132 ], [ 79.114122623828251, 21.087110334452824 ], [ 79.114117896642767, 21.087110147997521 ], [ 79.114113184936272, 21.087109743702953 ], [ 79.114108500098936, 21.087109122546476 ], [ 79.113804297513511, 21.087061602687392 ], [ 79.113802997017544, 21.087061433676226 ], [ 79.113801684636314, 21.087061398867082 ], [ 79.113455114087827, 21.087061100012161 ], [ 79.112946714676553, 21.087060800008683 ], [ 79.112493130844399, 21.087060401172007 ], [ 79.11249180200106, 21.087060434502771 ], [ 79.112490477153813, 21.08706053673351 ], [ 79.112252148535703, 21.08708517094928 ], [ 79.112250912213838, 21.087085329489287 ], [ 79.112249886368019, 21.087085996206284 ], [ 79.111523486111906, 21.087584915933594 ], [ 79.111519603930702, 21.087587447313812 ], [ 79.111515593974232, 21.087589796713107 ], [ 79.111511465919179, 21.087591958461992 ], [ 79.111507229727195, 21.087593927343814 ], [ 79.111502895620916, 21.087595698607348 ], [ 79.110855433416972, 21.087842729408994 ], [ 79.110854217617899, 21.08784323049705 ], [ 79.110853106771955, 21.087843913262269 ], [ 79.110302611063133, 21.088203075108904 ], [ 79.110301525177007, 21.088203826942031 ], [ 79.110300589239841, 21.088204739236367 ], [ 79.109601832630787, 21.08892533822317 ], [ 79.109600931766195, 21.08892632275565 ], [ 79.109600157440042, 21.088927397933681 ], [ 79.109337877455033, 21.0893151983359 ], [ 79.109337228942877, 21.08931621530169 ], [ 79.109336638236556, 21.089317262828686 ], [ 79.109072925853383, 21.0898161915716 ], [ 79.109070111112928, 21.089821126526694 ], [ 79.108925324210503, 21.090057093765942 ], [ 79.108923601942266, 21.090060168471684 ], [ 79.108784454381336, 21.090333643066412 ], [ 79.108782118818937, 21.090337934884612 ], [ 79.108779542643191, 21.090342103672846 ], [ 79.10877673318943, 21.090346137561045 ], [ 79.108773698457171, 21.090350025063202 ], [ 79.108770447087451, 21.090353755110144 ], [ 79.108766988338132, 21.090357317081022 ], [ 79.108763332057507, 21.090360700833578 ], [ 79.108759488656418, 21.090363896732999 ], [ 79.108755469078446, 21.09036689567936 ], [ 79.108431925881234, 21.090595334464972 ], [ 79.10842944534474, 21.090597028424405 ], [ 79.108144063901918, 21.090785459723936 ], [ 79.107811703623682, 21.091009249306229 ], [ 79.107807465779402, 21.091011945471077 ], [ 79.107803081140062, 21.091014426298418 ], [ 79.107798562116685, 21.091016684766096 ], [ 79.107793921500644, 21.091018714481372 ], [ 79.107789172427559, 21.091020509698989 ], [ 79.107784328340017, 21.091022065337462 ], [ 79.107779402949504, 21.091023376993455 ], [ 79.107774410197706, 21.091024440954222 ], [ 79.107769364216963, 21.091025254208162 ], [ 79.107764279290265, 21.091025814453307 ], [ 79.107759169810848, 21.091026120103837 ], [ 79.107754050241482, 21.091026170294587 ], [ 79.107748935073431, 21.091025964883492 ], [ 79.107743838785552, 21.091025504451995 ], [ 79.107738775803256, 21.091024790303372 ], [ 79.107733760457663, 21.091023824459068 ], [ 79.107728806945033, 21.091022609652988 ], [ 79.107723929286664, 21.091021149323709 ], [ 79.107719141289067, 21.091019447604822 ], [ 79.10771445650505, 21.09101750931314 ], [ 79.10770988819516, 21.09101533993514 ], [ 79.10770544929035, 21.091012945611411 ], [ 79.107701152355233, 21.091010333119236 ], [ 79.107697009552552, 21.091007509853462 ], [ 79.107693032608807, 21.091004483805541 ], [ 79.107689232780984, 21.091001263540921 ], [ 79.107685620824739, 21.090997858174759 ], [ 79.107682206963986, 21.090994277346187 ], [ 79.107372537110663, 21.090651533328561 ], [ 79.107368993886723, 21.0906473685145 ], [ 79.107111472539046, 21.090325640490889 ], [ 79.107110930894763, 21.090324957112383 ], [ 79.106880289556628, 21.090031078621067 ], [ 79.106879579037823, 21.090030217658441 ], [ 79.106878743430173, 21.090029462069552 ], [ 79.10620189170001, 21.089446354354564 ], [ 79.106199858942446, 21.089444699030473 ], [ 79.10555264482575, 21.088946742244122 ], [ 79.105551759565273, 21.088946052789712 ], [ 79.105325646360626, 21.088767799406405 ], [ 79.105322416608345, 21.088765135529432 ], [ 79.10531931687602, 21.088762338909106 ], [ 79.105316353352208, 21.088759415128823 ], [ 79.105095141868361, 21.088531168643371 ], [ 79.105094285765347, 21.08853033018331 ], [ 79.105093048834931, 21.088530299233483 ], [ 79.104979525726506, 21.088530229645869 ], [ 79.104974551886485, 21.088530105874941 ], [ 79.104969591511662, 21.088529740994225 ], [ 79.104964657863135, 21.088529135979208 ], [ 79.104959764130513, 21.088528292447332 ], [ 79.104954923396704, 21.088527212653695 ], [ 79.104950148602938, 21.088525899485028 ], [ 79.104945452514173, 21.088524356451956 ], [ 79.104940847684915, 21.088522587679627 ], [ 79.104936346425717, 21.088520597896682 ], [ 79.104931960770244, 21.088518392422607 ], [ 79.104927702443135, 21.088515977153527 ], [ 79.104923582828576, 21.088513358546432 ], [ 79.104919612939938, 21.088510543601885 ], [ 79.104915803390313, 21.088507539845384 ], [ 79.104912164364137, 21.088504355307169 ], [ 79.104908705590006, 21.088500998500788 ], [ 79.104905436314553, 21.088497478400324 ], [ 79.10490236527788, 21.088493804416412 ], [ 79.104809181032905, 21.088376185832661 ], [ 79.104808376884378, 21.088375226467026 ], [ 79.104807216697182, 21.088374674760072 ], [ 79.104476421090354, 21.088227842016277 ], [ 79.104475186709109, 21.088227333384552 ], [ 79.104473899373403, 21.088226957765272 ], [ 79.10427842444318, 21.088175522190134 ], [ 79.104277196996975, 21.088175231812997 ], [ 79.104275934273758, 21.088175315151052 ], [ 79.103722231193345, 21.088225688064956 ], [ 79.10372196877168, 21.088225711597758 ], [ 79.103488397517921, 21.088246354103418 ], [ 79.10348372297463, 21.088246659680586 ], [ 79.103479038123098, 21.08824675133333 ], [ 79.103474354071807, 21.088246628844331 ], [ 79.103469681927294, 21.088246292504021 ], [ 79.103465032767886, 21.088245743109923 ], [ 79.103460417617441, 21.088244981964724 ], [ 79.103243517862524, 21.088204077358618 ], [ 79.103238925824911, 21.088203101089977 ], [ 79.103234390166122, 21.088201915189451 ], [ 79.103229921744486, 21.08820052249607 ], [ 79.103225531257351, 21.088198926343942 ], [ 79.103221229215507, 21.088197130554224 ], [ 79.103217025917999, 21.088195139426031 ], [ 79.103212931427436, 21.088192957726108 ], [ 79.103035779134942, 21.088093108240706 ], [ 79.103034688327568, 21.088092529306341 ], [ 79.103033460342544, 21.088092294789096 ], [ 79.102612190045974, 21.088022557832154 ], [ 79.102607301048408, 21.088021625257987 ], [ 79.102602470120544, 21.088020456138739 ], [ 79.102597710246982, 21.088019053616797 ], [ 79.1025930342214, 21.088017421461863 ], [ 79.102588454612047, 21.088015564060871 ], [ 79.102583983728053, 21.088013486406179 ], [ 79.10257963358633, 21.088011194082114 ], [ 79.102575415879244, 21.088008693250028 ], [ 79.102571341943175, 21.088005990631693 ], [ 79.1025674227281, 21.088003093491242 ], [ 79.102563668768113, 21.08800000961563 ], [ 79.102560090153133, 21.087996747293751 ], [ 79.102556696501807, 21.087993315294106 ], [ 79.102553496935599, 21.087989722841268 ], [ 79.102526104130902, 21.087957293689442 ], [ 79.102522942711275, 21.087953332746849 ], [ 79.102520017227377, 21.087949215225528 ], [ 79.102517336464004, 21.087944953489796 ], [ 79.102514908471122, 21.087940560337064 ], [ 79.102512740539581, 21.087936048959346 ], [ 79.102510839179388, 21.087931432903684 ], [ 79.102509210099996, 21.087926726031434 ], [ 79.10250785819332, 21.087921942476669 ], [ 79.102506787518891, 21.087917096603743 ], [ 79.102506001291772, 21.087912202964105 ], [ 79.102483455359319, 21.087739986707174 ], [ 79.102483268144368, 21.087738814073564 ], [ 79.102482424475227, 21.087737931456168 ], [ 79.102396391965399, 21.087652584854766 ], [ 79.102395479956058, 21.087651727654688 ], [ 79.102394295432219, 21.087651246443802 ], [ 79.102298716729493, 21.087615258136339 ], [ 79.102297489436523, 21.087614832070877 ], [ 79.102296220046512, 21.087614533813223 ], [ 79.102094282636045, 21.087572537573553 ], [ 79.102089272464795, 21.087571362415417 ], [ 79.102084336682665, 21.087569936698308 ], [ 79.102079489505002, 21.087568264528382 ], [ 79.102074744891908, 21.087566350721566 ], [ 79.102070116508131, 21.087564200789743 ], [ 79.102011212013963, 21.08753496671077 ], [ 79.102006998569621, 21.087532746799518 ], [ 79.102002909171986, 21.087530331189818 ], [ 79.101998954131872, 21.087527725972294 ], [ 79.101995143421348, 21.087524937715596 ], [ 79.101991486648501, 21.08752197344992 ], [ 79.101987993033347, 21.087518840649206 ], [ 79.101984671384514, 21.087515547212352 ], [ 79.101981530077026, 21.08751210144327 ], [ 79.101978577031204, 21.087508512029949 ], [ 79.101975819692711, 21.08750478802256 ], [ 79.101973265013726, 21.087500938810635 ], [ 79.101954536419072, 21.087471074290281 ], [ 79.101953764350654, 21.087469924010801 ], [ 79.101952850333163, 21.087468869337759 ], [ 79.101826815224825, 21.087332084755996 ], [ 79.101825981300948, 21.087331225718717 ], [ 79.10182482492435, 21.087330810183293 ], [ 79.101576453668585, 21.087248415891171 ], [ 79.101575194568568, 21.087248034586299 ], [ 79.101573871791331, 21.087248058764459 ], [ 79.101246544887928, 21.087262540500216 ], [ 79.101243860763418, 21.087262730004053 ], [ 79.10069321690942, 21.087316181874716 ], [ 79.100692011169485, 21.087316328077783 ], [ 79.100690998343836, 21.087316959227564 ], [ 79.100431083683461, 21.087488018417538 ], [ 79.100430214777745, 21.087488618002276 ], [ 79.100429375397752, 21.087489253555326 ], [ 79.100334238984303, 21.08756465579021 ], [ 79.100333322057168, 21.087565421012776 ], [ 79.100332493071193, 21.08756627001231 ], [ 79.100214274852476, 21.087693730050194 ], [ 79.100210377515296, 21.087697687204518 ], [ 79.100206235644535, 21.087701419169331 ], [ 79.100016204162387, 21.087862699068641 ], [ 79.100012097292989, 21.087865992703023 ], [ 79.099867586995217, 21.087975452398961 ], [ 79.099866624366925, 21.087976221733314 ], [ 79.099865854647788, 21.087977163127174 ], [ 79.099730337595034, 21.088152274901418 ], [ 79.099727192288782, 21.088156117949683 ], [ 79.099723831870065, 21.088159797133471 ], [ 79.099564018609058, 21.088325554663452 ], [ 79.099563318722502, 21.088326313883929 ], [ 79.099562693540705, 21.088327128502399 ], [ 79.099435208251634, 21.08850128974133 ], [ 79.099432326515384, 21.088505019057152 ], [ 79.099429245898406, 21.088508605610969 ], [ 79.099425974416334, 21.088512040070736 ], [ 79.099422520581356, 21.088515313500174 ], [ 79.099418893380189, 21.088518417381966 ], [ 79.099415102250603, 21.088521343639972 ], [ 79.099411157056963, 21.0885240846602 ], [ 79.099407068064423, 21.088526633310675 ], [ 79.09940284591238, 21.0885289829599 ], [ 79.099398501586634, 21.088531127494232 ], [ 79.099224090363933, 21.088611962905787 ], [ 79.099220971802694, 21.088613545023826 ], [ 79.099035705780835, 21.088715988555471 ], [ 79.099034620482797, 21.088716625865899 ], [ 79.099033657266801, 21.088717417342977 ], [ 79.09872674920662, 21.088983503651995 ], [ 79.098725636885789, 21.088984532899069 ], [ 79.098724598180368, 21.088985627805389 ], [ 79.098561900777568, 21.08916878521088 ], [ 79.098558612512647, 21.089172297956324 ], [ 79.098555134933292, 21.089175646272675 ], [ 79.098551477361212, 21.089178821184742 ], [ 79.098547649600533, 21.08918181418213 ], [ 79.098543661911634, 21.089184617242061 ], [ 79.098539524983551, 21.089187222850907 ], [ 79.098535249905382, 21.089189624024307 ], [ 79.098530848136519, 21.089191814325869 ], [ 79.098526331475938, 21.089193787884469 ], [ 79.098521712030632, 21.089195539409957 ], [ 79.098517002183073, 21.089197064207344 ], [ 79.098512214558085, 21.089198358189396 ], [ 79.09850736198895, 21.089199417887574 ], [ 79.09850245748305, 21.089200240461341 ], [ 79.098497514186988, 21.089200823705784 ], [ 79.098492545351334, 21.08920116605751 ], [ 79.098487564295112, 21.089201266598835 ], [ 79.098482584370132, 21.08920112506026 ], [ 79.098477618925145, 21.089200741821195 ], [ 79.098472681270081, 21.089200117908913 ], [ 79.098212504211105, 21.089160782064134 ], [ 79.098211301352251, 21.089160629449797 ], [ 79.098210116941587, 21.089160878611054 ], [ 79.098016537361687, 21.089206466604768 ], [ 79.09801127144037, 21.089207560484514 ], [ 79.098005948489472, 21.089208375771371 ], [ 79.097826388299239, 21.089231049946775 ], [ 79.097825211448793, 21.08923122667397 ], [ 79.097824232662703, 21.089231864860825 ], [ 79.097345145967594, 21.089561144581907 ], [ 79.097341048941615, 21.089563810268483 ], [ 79.097336810313777, 21.089566273249364 ], [ 79.097332441459955, 21.08956852691426 ], [ 79.097067093572988, 21.089697121564249 ], [ 79.097065923677349, 21.089697727927771 ], [ 79.097065031236554, 21.089698661553278 ], [ 79.096820994568404, 21.089968762284709 ], [ 79.096817761389616, 21.089972162954229 ], [ 79.096814349523513, 21.089975406216009 ], [ 79.096810767659107, 21.089978483810409 ], [ 79.096807024918391, 21.089981387899666 ], [ 79.096803130833081, 21.089984111087908 ], [ 79.096368372433815, 21.090272421447203 ], [ 79.096367514535018, 21.090273017592331 ], [ 79.096366685677353, 21.090273648887639 ], [ 79.096133383491946, 21.090459553786296 ], [ 79.096133018076145, 21.090459847929285 ], [ 79.095957803158498, 21.0906023216689 ], [ 79.095955468398714, 21.090604350846782 ], [ 79.09584678048634, 21.090705282349624 ], [ 79.095845928813759, 21.090706115037456 ], [ 79.095845624435981, 21.090707233350219 ], [ 79.095809268523723, 21.090856759146089 ], [ 79.095808061408533, 21.090861200882024 ], [ 79.095806615700354, 21.090865579414828 ], [ 79.09580493512361, 21.090869883464347 ], [ 79.095803024007893, 21.090874101942315 ], [ 79.095800887276653, 21.090878223980909 ], [ 79.095798530434621, 21.090882238960759 ], [ 79.095795959553556, 21.090886136538334 ], [ 79.095793181256667, 21.090889906672508 ], [ 79.095790202701508, 21.090893539650519 ], [ 79.095787031561528, 21.090897026112934 ], [ 79.095783676006363, 21.090900357077775 ], [ 79.095780144680688, 21.090903523963686 ], [ 79.095776446682081, 21.090906518612005 ], [ 79.095772591537454, 21.090909333307774 ], [ 79.095768589178576, 21.090911960799666 ], [ 79.095697258915735, 21.090956301232367 ], [ 79.095693121299107, 21.090958733834459 ], [ 79.095688857537752, 21.090960966353492 ], [ 79.095684478607552, 21.090962993042456 ], [ 79.095679995780856, 21.090964808684198 ], [ 79.095675420597473, 21.090966408604856 ], [ 79.095670764834921, 21.090967788685877 ], [ 79.095666040478207, 21.090968945374623 ], [ 79.095661259688868, 21.090969875693514 ], [ 79.09565643477373, 21.090970577247717 ], [ 79.095651578153223, 21.090971048231253 ], [ 79.095646702329375, 21.090971287431721 ], [ 79.09564181985364, 21.09097129423337 ], [ 79.095636943294622, 21.090971068618678 ], [ 79.095632085205665, 21.090970611168444 ], [ 79.095492770417934, 21.090954133061228 ], [ 79.09548884150567, 21.090953590842705 ], [ 79.095359700711171, 21.090933205324269 ], [ 79.095358400924596, 21.090933034379375 ], [ 79.095357111981841, 21.090933266643198 ], [ 79.095169206859424, 21.090972166305697 ], [ 79.095164045583473, 21.090973096849964 ], [ 79.095158837872489, 21.09097376156376 ], [ 79.095153599259888, 21.090974158464398 ], [ 79.095148345371186, 21.09097428636802 ], [ 79.095005311999458, 21.090974101566445 ], [ 79.095004106163628, 21.090974128517164 ], [ 79.095002984444108, 21.090974544647835 ], [ 79.094849476880484, 21.091035730910392 ], [ 79.094848323406183, 21.091036225020073 ], [ 79.094847652033863, 21.091037234473514 ], [ 79.094757727043714, 21.091180798931425 ], [ 79.094757131463524, 21.091181808308566 ], [ 79.094757078789087, 21.091182961050649 ], [ 79.094753970331027, 21.091353112344777 ], [ 79.09475375238226, 21.091357832707242 ], [ 79.094753271681142, 21.091362535912666 ], [ 79.094752529543342, 21.091367209088318 ], [ 79.09475152800006, 21.09137183944366 ], [ 79.094750269792527, 21.091376414305355 ], [ 79.094748758364446, 21.091380921151945 ], [ 79.094746997852582, 21.091385347648128 ], [ 79.09474499307548, 21.091389681678539 ], [ 79.094742749520194, 21.091393911380859 ], [ 79.094740273327375, 21.091398025178353 ], [ 79.094737571274351, 21.091402011811489 ], [ 79.094734650756692, 21.091405860368816 ], [ 79.094731519767862, 21.091409560316738 ], [ 79.09472818687739, 21.091413101528484 ], [ 79.094724661207479, 21.091416474311689 ], [ 79.094720952407911, 21.091419669435002 ], [ 79.094717070629684, 21.091422678153318 ], [ 79.094713026497331, 21.091425492231728 ], [ 79.094708831079643, 21.091428103968063 ], [ 79.094704495859574, 21.091430506213971 ], [ 79.094700032702661, 21.091432692394442 ], [ 79.094695453824656, 21.091434656525898 ], [ 79.094609940707386, 21.091468829056364 ], [ 79.0946052826543, 21.091470557523941 ], [ 79.094600535077831, 21.091472056187065 ], [ 79.094595710840551, 21.091473320985425 ], [ 79.094590823012766, 21.091474348492305 ], [ 79.094585884837016, 21.091475135923901 ], [ 79.094580909692297, 21.091475681146807 ], [ 79.094352246875815, 21.09149509414371 ], [ 79.094351022315834, 21.091495228329041 ], [ 79.094350526554365, 21.091496287695215 ], [ 79.094199315005653, 21.091843680513023 ], [ 79.094197207193901, 21.091848170538658 ], [ 79.094194842663285, 21.091852546509418 ], [ 79.094192228392743, 21.091856795509479 ], [ 79.094189372098413, 21.091860904997738 ], [ 79.094186282210728, 21.091864862844893 ], [ 79.094182967849591, 21.09186865736919 ], [ 79.094179438797454, 21.091872277370957 ], [ 79.094175705470448, 21.091875712165599 ], [ 79.094171778887628, 21.0918789516152 ], [ 79.094167670638427, 21.091881986158384 ], [ 79.094163392848529, 21.091884806838575 ], [ 79.094158958143979, 21.091887405330436 ], [ 79.094154379613983, 21.091889773964411 ], [ 79.093574758407172, 21.092170641758592 ], [ 79.093573424987369, 21.092171339105498 ], [ 79.093572141441612, 21.092172114505441 ], [ 79.093053193574207, 21.092507962105564 ], [ 79.093049091752377, 21.092510474562271 ], [ 79.093044859021305, 21.092512787892566 ], [ 79.093040506346995, 21.092514896103129 ], [ 79.093036045006187, 21.092516793732123 ], [ 79.092451249342147, 21.092748885107014 ], [ 79.092448200214122, 21.092750214964909 ], [ 79.091269226984707, 21.093312238395573 ], [ 79.091264717330247, 21.093314251754311 ], [ 79.090427730182199, 21.093663228780997 ], [ 79.090426615122098, 21.093663726277263 ], [ 79.090425560350809, 21.093664328535642 ], [ 79.089886337427231, 21.093990322268745 ], [ 79.089882422688277, 21.093992566889931 ], [ 79.089878398409226, 21.093994633872725 ], [ 79.089874273735504, 21.093996518519752 ], [ 79.089870058040717, 21.093998216548034 ], [ 79.089526553694739, 21.094127565569583 ], [ 79.089525413485106, 21.094128027359357 ], [ 79.089524300209803, 21.094128543794806 ], [ 79.089120986278459, 21.094327962890297 ], [ 79.089118844330571, 21.09432908841211 ], [ 79.088537865671825, 21.094652914222664 ], [ 79.08853323027752, 21.094655338194798 ], [ 79.08852845955856, 21.094657518700821 ], [ 79.088523568020634, 21.094659449110772 ], [ 79.088518570536792, 21.094661123555113 ], [ 79.088513482302204, 21.094662536942572 ], [ 79.088508318788001, 21.094663684975664 ], [ 79.088503095694179, 21.094664564163715 ], [ 79.088497828901922, 21.094665171833491 ], [ 79.088492534425271, 21.094665506137343 ], [ 79.087802912436644, 21.094691151196944 ], [ 79.087801607308407, 21.094691233257461 ], [ 79.087800374071492, 21.094691642465325 ], [ 79.087223422039671, 21.094899876189668 ], [ 79.087219166557503, 21.094901305350628 ], [ 79.087214844264025, 21.094902545421512 ], [ 79.086758642783792, 21.09502251132341 ], [ 79.086753321190315, 21.095023758374722 ], [ 79.086747932532688, 21.095024718869869 ], [ 79.086742494316596, 21.09502538968858 ], [ 79.086518111404445, 21.095046983420016 ], [ 79.086516912653309, 21.09504712763248 ], [ 79.086515976147055, 21.095047844539984 ], [ 79.086264832572411, 21.09525024253298 ], [ 79.086260882333804, 21.095253259336808 ], [ 79.086019936945718, 21.095427529825916 ], [ 79.086016029812527, 21.095430211519524 ], [ 79.086011983931428, 21.09543270544447 ], [ 79.086007809538998, 21.095435005290831 ], [ 79.086003517196929, 21.095437105239728 ], [ 79.08599911776534, 21.095438999978043 ], [ 79.085519298483717, 21.095632088866285 ], [ 79.085514582327193, 21.095633850047264 ], [ 79.085509773780245, 21.095635375417231 ], [ 79.085504886220249, 21.095636660732612 ], [ 79.085499933244392, 21.095637702417648 ], [ 79.085494928631832, 21.095638497574381 ], [ 79.085489886305439, 21.09563904399069 ], [ 79.085484820292933, 21.095639340146437 ], [ 79.085479744687973, 21.09563938521773 ], [ 79.085474673610904, 21.095639179079175 ], [ 79.084782961545031, 21.095593882614324 ], [ 79.084781713404098, 21.095593831761139 ], [ 79.084780840838008, 21.095594670836373 ], [ 79.084381288279744, 21.09599965088719 ], [ 79.084377770621415, 21.096003034226101 ], [ 79.084374069143493, 21.096006240203007 ], [ 79.084370193986558, 21.096009260034769 ], [ 79.084366155767057, 21.096012085448219 ], [ 79.08436196554814, 21.096014708702821 ], [ 79.084357634809393, 21.096017122611858 ], [ 79.084353175415345, 21.096019320562167 ], [ 79.084348599583024, 21.096021296532204 ], [ 79.084343919848422, 21.096023045108581 ], [ 79.084339149032246, 21.096024561500865 ], [ 79.084334300204645, 21.096025841554738 ], [ 79.084329386649557, 21.096026881763343 ], [ 79.084324421828242, 21.096027679276911 ], [ 79.084319419342378, 21.096028231910562 ], [ 79.084314392896843, 21.096028538150303 ], [ 79.084309356262196, 21.096028597157147 ], [ 79.084304323236836, 21.096028408769449 ], [ 79.084299307609328, 21.096027973503315 ], [ 79.08429432312056, 21.096027292551206 ], [ 79.08428938342611, 21.096026367778677 ], [ 79.084284502058836, 21.09602520171924 ], [ 79.084279692391803, 21.096023797567462 ], [ 79.084274967601615, 21.096022159170172 ], [ 79.084270340632401, 21.096020291015947 ], [ 79.084265824160255, 21.096018198222811 ], [ 79.08426143055857, 21.096015886524221 ], [ 79.084257171864095, 21.09601336225332 ], [ 79.084253059744015, 21.096010632325655 ], [ 79.084249105463925, 21.096007704220156 ], [ 79.084245319857018, 21.096004585958713 ], [ 79.084241713294404, 21.096001286084164 ], [ 79.084238295656618, 21.095997813636874 ], [ 79.084235076306683, 21.095994178130013 ], [ 79.082490771986201, 21.093916035788922 ], [ 79.082487711290526, 21.093912182591627 ], [ 79.082484873348037, 21.093908182049347 ], [ 79.082482266195555, 21.093904045491367 ], [ 79.082479897216373, 21.093899784632146 ], [ 79.082477773119251, 21.09389541153816 ], [ 79.082475899919487, 21.093890938593724 ], [ 79.082474282921808, 21.093886378465935 ], [ 79.082472926705435, 21.093881744068767 ], [ 79.081466894744068, 21.090047123479966 ], [ 79.081466244325156, 21.090044892163309 ], [ 79.080813559132153, 21.088011918632979 ], [ 79.080813173539696, 21.088010821198125 ], [ 79.080812079207533, 21.088010291555221 ], [ 79.079970132849397, 21.087628341651723 ], [ 79.079965608366209, 21.08762614864931 ], [ 79.07996121382898, 21.087623734091583 ], [ 79.079956961543957, 21.087621104740169 ], [ 79.079952863418981, 21.08761826795817 ], [ 79.079948930930243, 21.087615231689568 ], [ 79.079945175090103, 21.087612004436981 ], [ 79.079941606416185, 21.087608595237857 ], [ 79.079938234902031, 21.087605013639141 ], [ 79.079935069989034, 21.087601269670571 ], [ 79.079518481304603, 21.087080744873752 ], [ 79.079515639123699, 21.087076998601372 ], [ 79.079513003831096, 21.087073121398756 ], [ 79.079510582260397, 21.087069123319932 ], [ 79.079508380690996, 21.087065014732353 ], [ 79.07950640483179, 21.087060806290033 ], [ 79.079504659806361, 21.087056508905931 ], [ 79.079503150139743, 21.087052133723635 ], [ 79.07950187974663, 21.087047692088458 ], [ 79.079500851921281, 21.087043195518053 ], [ 79.07928503847684, 21.085965990333527 ], [ 79.079284768606215, 21.085964817442985 ], [ 79.07928380270134, 21.085964031282312 ], [ 79.0788795824527, 21.085652457279696 ], [ 79.07887858580149, 21.085651729571115 ], [ 79.078877344736739, 21.085651510901254 ], [ 79.077750732708452, 21.085481788891549 ], [ 79.077745617891011, 21.085480884538995 ], [ 79.077740562656004, 21.085479721959747 ], [ 79.077735581792908, 21.085478304555021 ], [ 79.077730689873675, 21.085476636471558 ], [ 79.077725901209973, 21.085474722589481 ], [ 79.077721229811431, 21.085472568507999 ], [ 79.077716689344584, 21.085470180529054 ], [ 79.077712293092958, 21.085467565638858 ], [ 79.077708053918087, 21.085464731487505 ], [ 79.07770398422204, 21.085461686366525 ], [ 79.077700095911013, 21.085458439184666 ], [ 79.076881921458238, 21.084737024315544 ], [ 79.076881083762402, 21.084736319614922 ], [ 79.076880149139313, 21.084735732001768 ], [ 79.074949115326703, 21.083582206527289 ], [ 79.074948090382946, 21.083581627541925 ], [ 79.074946899115432, 21.08358152488508 ], [ 79.073998049826301, 21.083522172016174 ], [ 79.073992565170968, 21.083521680557514 ], [ 79.072488966309734, 21.083346045449442 ], [ 79.072483802161074, 21.083345308111188 ], [ 79.072478688253241, 21.083344308853679 ], [ 79.072473639655982, 21.083343050621565 ], [ 79.072468671246654, 21.083341537122632 ], [ 79.072463797666273, 21.083339772816899 ], [ 79.072459033276402, 21.083337762903458 ], [ 79.072454392116853, 21.083335513305173 ], [ 79.07156651395772, 21.082876081143457 ], [ 79.071561858240031, 21.082873509505713 ], [ 79.071557363628358, 21.082870696705612 ], [ 79.071553044288919, 21.08286765160862 ], [ 79.070711591889236, 21.082238992706014 ], [ 79.070708043293862, 21.082236208126666 ], [ 79.070704641376537, 21.082233266714685 ], [ 79.070701393998036, 21.082230175266769 ], [ 79.07069830866206, 21.082226940926333 ], [ 79.070695392497868, 21.082223571166956 ], [ 79.070191473582128, 21.081611787421338 ], [ 79.07018823362182, 21.081607612434038 ], [ 79.070185253264967, 21.081603270435373 ], [ 79.070182542259872, 21.081598775627437 ], [ 79.070180109473839, 21.081594142712142 ], [ 79.070177962864179, 21.081589386843135 ], [ 79.069539330271695, 21.080053606529894 ], [ 79.069537706660896, 21.080049396815188 ], [ 79.069536307330523, 21.080045116753876 ], [ 79.069535135719491, 21.080040776864415 ], [ 79.06953419470706, 21.080036387812267 ], [ 79.069533486605806, 21.080031960383749 ], [ 79.06953301315589, 21.080027505459459 ], [ 79.069532775520798, 21.080023033987555 ], [ 79.069532774284525, 21.080018556956901 ], [ 79.06956645982784, 21.078729936797476 ], [ 79.069566428689669, 21.078726864197726 ], [ 79.069432946083907, 21.07585206097675 ], [ 79.06943285815278, 21.075847379774295 ], [ 79.069433028818793, 21.075842700585376 ], [ 79.069433457623234, 21.075838035985974 ], [ 79.069434143413616, 21.075833398512817 ], [ 79.06943508434675, 21.075828800629772 ], [ 79.069649768809171, 21.07490911504464 ], [ 79.069651140312146, 21.074903967854269 ], [ 79.069652831490444, 21.07489890514081 ], [ 79.069654836506928, 21.074893944378271 ], [ 79.069657148441223, 21.074889102688751 ], [ 79.070332786953372, 21.07357871356659 ], [ 79.070335256858783, 21.07357424524135 ], [ 79.070337988181592, 21.073569913025395 ], [ 79.070340972435773, 21.073565730378547 ], [ 79.071289904585598, 21.072312718266403 ], [ 79.071290573494153, 21.07231178662747 ], [ 79.07129103233072, 21.072310749004732 ], [ 79.071935327564262, 21.070744448519569 ], [ 79.071935762605889, 21.070743298549488 ], [ 79.071935430141181, 21.070742118807733 ], [ 79.071203360657137, 21.06840412671939 ], [ 79.071202050330356, 21.06839949008916 ], [ 79.071201004143006, 21.068394794694498 ], [ 79.071200225046724, 21.068390053782711 ], [ 79.071199715239572, 21.068385280729515 ], [ 79.071199476159862, 21.068380489001306 ], [ 79.071199508482081, 21.068375692117193 ], [ 79.071243865059472, 21.067110096952753 ], [ 79.071243876517741, 21.06710910073609 ], [ 79.071243794275944, 21.067108107456509 ], [ 79.071175215344368, 21.066464282865073 ], [ 79.07117507269318, 21.066463206387869 ], [ 79.071174660450751, 21.066462192976083 ], [ 79.0706444231229, 21.065247389587547 ], [ 79.070642978843949, 21.065243873227871 ], [ 79.070641692115672, 21.06524030337059 ], [ 79.070489004133549, 21.06478565418298 ], [ 79.070487438076555, 21.064780453079205 ], [ 79.070486206290582, 21.064775173355077 ], [ 79.070485313187433, 21.064769833920838 ], [ 79.070148062210237, 21.06226680391585 ], [ 79.070147866673395, 21.062265611093359 ], [ 79.070147217933098, 21.062264569127805 ], [ 79.067156155356813, 21.05774374171877 ], [ 79.067154681170322, 21.057741437687749 ], [ 79.066291706199252, 21.05634603549937 ], [ 79.066288858379792, 21.056341081140626 ], [ 79.065848402612161, 21.055514131402621 ], [ 79.065847769752182, 21.055513022023476 ], [ 79.065846782500671, 21.055512170676899 ], [ 79.065507526827417, 21.055235656099796 ], [ 79.065503982975358, 21.055232618848748 ], [ 79.065500604867736, 21.055229419497067 ], [ 79.065316612810548, 21.05504624399309 ], [ 79.065313320546082, 21.055042793150175 ], [ 79.065310221116277, 21.055039188374195 ], [ 79.065307322676105, 21.055035439149751 ], [ 79.06530463285165, 21.055031555341483 ], [ 79.065302158720172, 21.055027547168148 ], [ 79.065299906791338, 21.055023425175701 ], [ 79.065297882990237, 21.055019200209596 ], [ 79.065296092641702, 21.0550148833862 ], [ 79.065294540456321, 21.055010486063576 ], [ 79.065151775099551, 21.054568361634171 ], [ 79.065151370691353, 21.054567220645023 ], [ 79.065150316706792, 21.054566537217465 ], [ 79.064832758591109, 21.054372247672784 ], [ 79.064831690216593, 21.054371630924301 ], [ 79.064830436412876, 21.054371600298062 ], [ 79.064405511913904, 21.054371699997215 ], [ 79.064051906265547, 21.054371700012094 ], [ 79.064047287862522, 21.054371595887218 ], [ 79.064042680108955, 21.054371283761999 ], [ 79.064038093629549, 21.05437076435615 ], [ 79.06403353899988, 21.054370038867322 ], [ 79.064029026722181, 21.05436910896837 ], [ 79.063478563564956, 21.054242590420252 ], [ 79.063477298189156, 21.054242333415136 ], [ 79.063476011561974, 21.054242468551148 ], [ 79.062743772349748, 21.054338257107887 ], [ 79.062738451981488, 21.054338811932386 ], [ 79.062733106975102, 21.054339088112144 ], [ 79.062727753878818, 21.054339084792094 ], [ 79.061525906655348, 21.054306934958113 ], [ 79.061524601885182, 21.054306933341639 ], [ 79.061523304627769, 21.054307064599779 ], [ 79.060247787720002, 21.054469136382721 ], [ 79.060246508458647, 21.054469332087123 ], [ 79.060245279604175, 21.05446971900535 ], [ 79.059290146990506, 21.054797646535516 ], [ 79.059289251414029, 21.054797949305382 ], [ 79.058709232329647, 21.054990999032587 ], [ 79.058704379778078, 21.054992479355086 ], [ 79.058699450445147, 21.054993716095701 ], [ 79.058694458195845, 21.054994705775766 ], [ 79.05868941707223, 21.054995445611542 ], [ 79.05868434125378, 21.054995933522058 ], [ 79.058679245017572, 21.054996168134927 ], [ 79.058674142698123, 21.054996148790256 ], [ 79.058669048647047, 21.054995875542442 ], [ 79.058266515879041, 21.054964211378039 ], [ 79.058265100210193, 21.054964139455535 ], [ 79.058263685378691, 21.054964224667447 ], [ 79.057887339564431, 21.054997390762757 ], [ 79.057886109699879, 21.054997529367704 ], [ 79.057885012022368, 21.054998068186631 ], [ 79.057596912026412, 21.055148525429775 ], [ 79.057592442845475, 21.055150717456105 ], [ 79.057587857453726, 21.055152686660488 ], [ 79.057583168447749, 21.055154427633326 ], [ 79.057578388708777, 21.055155935591941 ], [ 79.057573531367282, 21.055157206393829 ], [ 79.057568609766918, 21.055158236547946 ], [ 79.057563637427876, 21.055159023224348 ], [ 79.057558628009744, 21.055159564261949 ], [ 79.05755359527393, 21.055159858174449 ], [ 79.057548553045947, 21.055159904154454 ], [ 79.057543515177358, 21.055159702075649 ], [ 79.057538495507742, 21.055159252493169 ], [ 79.057533507826705, 21.05515855664207 ], [ 79.057528565835966, 21.055157616433938 ], [ 79.057295936026037, 21.055107366990011 ], [ 79.057294706040736, 21.055107133172147 ], [ 79.057293628638249, 21.055107737246946 ], [ 79.056331111646799, 21.05568023807967 ], [ 79.056326218392101, 21.055682961633607 ], [ 79.056321162206729, 21.055685408938416 ], [ 79.055632123786111, 21.055995062569149 ], [ 79.055626629652721, 21.055997336603578 ], [ 79.05562099509865, 21.055999284481445 ], [ 79.054440677787568, 21.05636848014159 ], [ 79.054435808686023, 21.056369869958079 ], [ 79.054430868104419, 21.056371016133674 ], [ 79.054425869867771, 21.056371915461078 ], [ 79.05442082796246, 21.056372565423729 ], [ 79.054415756497079, 21.056372964202854 ], [ 79.0544106696629, 21.056373110682586 ], [ 79.054405581694255, 21.056373004453029 ], [ 79.054400506828571, 21.056372645811443 ], [ 79.054395459266701, 21.056372035761406 ], [ 79.054390453132996, 21.05637117601 ], [ 79.054385502435991, 21.05637006896303 ], [ 79.054380621028997, 21.056368717718314 ], [ 79.054375822571473, 21.056367126056987 ], [ 79.054371120490771, 21.056365298432933 ], [ 79.054366527944538, 21.056363239960344 ], [ 79.054362057783919, 21.056360956399342 ], [ 79.054357722517551, 21.05635845413995 ], [ 79.054353534276686, 21.056355740184131 ], [ 79.054349504781086, 21.05635282212625 ], [ 79.054345645306341, 21.056349708131812 ], [ 79.054341966652231, 21.056346406914564 ], [ 79.054338479112587, 21.056342927712176 ], [ 79.054335192446445, 21.056339280260392 ], [ 79.054332115850727, 21.056335474765703 ], [ 79.054329257934555, 21.056331521876892 ], [ 79.054326626695072, 21.056327432655166 ], [ 79.054324229495165, 21.056323218543238 ], [ 79.054322073042812, 21.056318891333273 ], [ 79.054320163372282, 21.056314463133941 ], [ 79.054318505827325, 21.056309946336473 ], [ 79.05425477605587, 21.056120120125488 ], [ 79.054254377282732, 21.056119031897001 ], [ 79.054253153600314, 21.05611910191185 ], [ 79.053454469976487, 21.056184404342535 ], [ 79.053453305274246, 21.056184526524881 ], [ 79.053452172042043, 21.056184806972407 ], [ 79.050006597101273, 21.057122474239389 ], [ 79.050005433070979, 21.057122821929038 ], [ 79.050005473033963, 21.057123967974661 ], [ 79.050356829521505, 21.062742872918559 ], [ 79.050356929711953, 21.062743994820035 ], [ 79.050357265374771, 21.062745075669422 ], [ 79.051595021118345, 21.066388967781464 ], [ 79.051595181547796, 21.066389431405664 ], [ 79.053734724034271, 21.072460517313733 ], [ 79.053736208310568, 21.072465139782462 ], [ 79.053737427285242, 21.072469830094985 ], [ 79.053738377474687, 21.072474574847259 ], [ 79.05373905616338, 21.072479360479672 ], [ 79.053739461411766, 21.072484173315779 ], [ 79.05373959206166, 21.072488999601376 ], [ 79.053739447739687, 21.072493825543841 ], [ 79.053739028858246, 21.072498637351533 ], [ 79.053738336614416, 21.072503421273183 ], [ 79.053737372986475, 21.07250816363722 ], [ 79.053070457515176, 21.075371977661323 ], [ 79.05306928351466, 21.075376465226348 ], [ 79.053067866492071, 21.07538089055501 ], [ 79.053066210157198, 21.075385242061625 ], [ 79.053064318846339, 21.075389508353798 ], [ 79.053062197511053, 21.07539367826223 ], [ 79.053059851704987, 21.075397740869938 ], [ 79.053057287569587, 21.075401685540871 ], [ 79.05305451181782, 21.075405501947735 ], [ 79.05305153171669, 21.075409180099033 ], [ 79.053048355068185, 21.075412710365228 ], [ 79.053044990188923, 21.075416083503949 ], [ 79.053041445888212, 21.075419290684199 ], [ 79.053037731445201, 21.075422323509454 ], [ 79.05303385658442, 21.075425174039662 ], [ 79.053029831450388, 21.075427834812029 ], [ 79.053025666581064, 21.075430298860553 ], [ 79.053021372880238, 21.075432559734264 ], [ 79.053016961588952, 21.075434611514105 ], [ 79.053012444256154, 21.075436448828448 ], [ 79.046578640261629, 21.077871527373684 ], [ 79.046573959784027, 21.077873167468326 ], [ 79.046569194914099, 21.077874577335265 ], [ 79.046564358497804, 21.077875753173529 ], [ 79.046559463573971, 21.077876691813092 ], [ 79.046554523339211, 21.077877390723415 ], [ 79.046549551112221, 21.077877848020247 ], [ 79.046544560298031, 21.077878062470742 ], [ 79.046539564351718, 21.077878033496734 ], [ 79.046534576742232, 21.077877761176357 ], [ 79.046529610916011, 21.077877246243766 ], [ 79.046524680260816, 21.077876490087206 ], [ 79.046519798069554, 21.077875494745271 ], [ 79.046514977504444, 21.077874262901368 ], [ 79.046510231561641, 21.07787279787652 ], [ 79.046505573036043, 21.077871103620392 ], [ 79.046501014486921, 21.077869184700649 ], [ 79.046496568203978, 21.077867046290653 ], [ 79.046494394457625, 21.077865933042673 ], [ 79.046493158131995, 21.077866152843473 ], [ 79.046006495305235, 21.077965236280892 ], [ 79.046005214633027, 21.077965531908859 ], [ 79.046004105540462, 21.077966201684269 ], [ 79.044580629094298, 21.078878814469327 ], [ 79.044575257938149, 21.07888201872149 ], [ 79.043214935579073, 21.079635438741942 ], [ 79.043210718139107, 21.079637642609306 ], [ 79.04320638824565, 21.07963964519308 ], [ 79.0432019567955, 21.079641441453475 ], [ 79.043197434940993, 21.079643026869952 ], [ 79.043192834062069, 21.079644397452586 ], [ 79.043188165737448, 21.079645549752115 ], [ 79.043183441715655, 21.0796464808686 ], [ 79.043178673885379, 21.079647188458775 ], [ 79.043173874245539, 21.079647670741874 ], [ 79.043169054875108, 21.079647926504173 ], [ 79.037492456426932, 21.079815168893607 ], [ 79.037491402256904, 21.07981522170866 ], [ 79.037490357092594, 21.079815361148942 ], [ 79.035194183270448, 21.080170146870149 ], [ 79.035189359243432, 21.080170774967954 ], [ 79.03518450753414, 21.080171173171291 ], [ 79.035179640571911, 21.080171340460051 ], [ 79.035174770825165, 21.080171276405665 ], [ 79.035169910769469, 21.080170981172216 ], [ 79.03516507285552, 21.080170455516075 ], [ 79.035160269477316, 21.080169700783873 ], [ 79.035155512940406, 21.080168718909128 ], [ 79.035150815430285, 21.080167512407254 ], [ 79.035146188981258, 21.080166084369129 ], [ 79.035141645445592, 21.080164438453163 ], [ 79.035137196463111, 21.080162578875949 ], [ 79.035132853431421, 21.080160510401441 ], [ 79.035128627476709, 21.080158238328757 ], [ 79.035124529425218, 21.080155768478598 ], [ 79.030420613396061, 21.077160190642498 ], [ 79.030419374071528, 21.077159427280993 ], [ 79.029219666675999, 21.076445035182193 ], [ 79.029218585974519, 21.076444428396783 ], [ 79.029217394226606, 21.076444046442866 ], [ 79.027396991848505, 21.075910256250047 ], [ 79.027392292438009, 21.075908752260506 ], [ 79.027387681944887, 21.075907022742975 ], [ 79.027383172645941, 21.07590507230282 ], [ 79.027378776548545, 21.07590290613367 ], [ 79.027374505358608, 21.075900530003612 ], [ 79.027370370449461, 21.075897950239796 ], [ 79.027366382831531, 21.075895173711636 ], [ 79.027362553123041, 21.075892207812455 ], [ 79.027358891521729, 21.075889060439867 ], [ 79.027355407777705, 21.07588573997468 ], [ 79.02735211116746, 21.075882255258648 ], [ 79.026505332018715, 21.074939226597955 ], [ 79.026504478496719, 21.074938326230303 ], [ 79.026503332531107, 21.074937782593935 ], [ 79.025068330128022, 21.074301800870511 ], [ 79.025067192367999, 21.074301330139608 ], [ 79.025065950622292, 21.074301270059198 ], [ 79.023720999925587, 21.074269033559716 ], [ 79.023719602520686, 21.074269038243809 ], [ 79.023718215155824, 21.074269195255784 ], [ 79.020941313989496, 21.074660699719821 ], [ 79.020935631125553, 21.074661339301635 ], [ 79.020929917798725, 21.074661660602228 ], [ 79.020924194225998, 21.074661662484662 ], [ 79.019514115669281, 21.074622739083615 ], [ 79.019512703692186, 21.074622739125157 ], [ 79.019511313689378, 21.074622972022848 ], [ 79.017490667964125, 21.075019451215923 ], [ 79.017489421484186, 21.075019728854844 ], [ 79.017488715224204, 21.075020732049065 ], [ 79.016625929228596, 21.076321051689433 ], [ 79.016625326855049, 21.076322011660434 ], [ 79.016624937354166, 21.076323064060613 ], [ 79.01618969123426, 21.077600132309676 ], [ 79.016013183093108, 21.078129351214372 ], [ 79.016012918026206, 21.078130204572794 ], [ 79.016012688941302, 21.078131067206311 ], [ 79.015715420600074, 21.079352482732311 ], [ 79.015715142506693, 21.079353806632067 ], [ 79.015714949274511, 21.079355143772247 ], [ 79.015425313119053, 21.081937291552116 ], [ 79.015425224222341, 21.081938301365188 ], [ 79.015425183721504, 21.081939313905895 ], [ 79.015399128069319, 21.083562123860542 ], [ 79.015398877050629, 21.08356742212618 ], [ 79.015398295079322, 21.083572697426021 ], [ 79.015397384162526, 21.083577931566442 ], [ 79.01481554618816, 21.086397890054709 ], [ 79.014814411313608, 21.086402687068592 ], [ 79.014813000106841, 21.086407419048925 ], [ 79.014811316745948, 21.086412071985926 ], [ 79.014809366214749, 21.08641663210387 ], [ 79.014807154288079, 21.086421085901787 ], [ 79.014804687514683, 21.08642542019351 ], [ 79.014801973197805, 21.086429622146706 ], [ 79.014799019373569, 21.086433679320805 ], [ 79.013636639385069, 21.087940515386659 ], [ 79.013633732869138, 21.08794409212496 ], [ 79.013630640187884, 21.087947528599159 ], [ 79.013627369014202, 21.087950816283403 ], [ 79.01362392746384, 21.087953947020953 ], [ 79.013620324075262, 21.087956913044476 ], [ 79.013616567788461, 21.087959706995289 ], [ 79.013612667922729, 21.08796232194161 ], [ 79.011840621480346, 21.089089014119455 ], [ 79.011838764326114, 21.089090165720414 ], [ 79.011228991678635, 21.089458839964649 ], [ 79.011227923695728, 21.089459524638382 ], [ 79.011227088889228, 21.089460451764694 ], [ 79.009999684485507, 21.090900679502763 ], [ 79.009998929251736, 21.090901614710116 ], [ 79.009998517824926, 21.090902722811322 ], [ 79.009519320967215, 21.092310563247466 ], [ 79.009518939487862, 21.092311806187418 ], [ 79.009518870007028, 21.092313098014966 ], [ 79.009497230880172, 21.093249563639095 ], [ 79.009497242143055, 21.093250898515446 ], [ 79.009497337544346, 21.09325223042789 ], [ 79.009556947879631, 21.093828823180541 ], [ 79.009557319300228, 21.09383390118273 ], [ 79.009557385277859, 21.093838990757412 ], [ 79.009557145602869, 21.093844075736481 ], [ 79.009556601036635, 21.093849139966444 ], [ 79.009423962609105, 21.094810521397235 ], [ 79.009423833878557, 21.094811696549538 ], [ 79.009424228245834, 21.094812818425318 ], [ 79.009737018176239, 21.095629709895828 ], [ 79.009738543106693, 21.095634031772999 ], [ 79.009739834007377, 21.095638420279695 ], [ 79.009740887597502, 21.095642864262846 ], [ 79.009741701199417, 21.095647352428372 ], [ 79.009742272745413, 21.095651873369928 ], [ 79.0097426007829, 21.095656415597851 ], [ 79.009742684478184, 21.095660967568378 ], [ 79.009742523618542, 21.095665517713012 ], [ 79.009742118612749, 21.09567005446787 ], [ 79.009741470490084, 21.095674566303099 ], [ 79.009659378070424, 21.096154359263558 ], [ 79.009659226140585, 21.096155402193595 ], [ 79.009659178488391, 21.096156453874144 ], [ 79.009648834996568, 21.096663185523028 ], [ 79.009648903715473, 21.096666612027018 ], [ 79.00967726930844, 21.097134841297425 ], [ 79.009677423795765, 21.097140299391647 ], [ 79.009677226518676, 21.097145756271399 ], [ 79.009622678759925, 21.097942649399531 ], [ 79.009622631760479, 21.097943790998123 ], [ 79.009623344290532, 21.097944717323141 ], [ 79.010106980227476, 21.098540786016898 ], [ 79.010109843472122, 21.098544507427661 ], [ 79.010112501526905, 21.098548360557899 ], [ 79.010114947525082, 21.098552335453512 ], [ 79.010117175147684, 21.098556421845856 ], [ 79.010119178639926, 21.09856060917825 ], [ 79.010120952825986, 21.098564886633227 ], [ 79.010122493122452, 21.098569243160508 ], [ 79.010123795550157, 21.098573667505551 ], [ 79.010305363073329, 21.099257730619879 ], [ 79.010305738565464, 21.099258988723264 ], [ 79.010306191059115, 21.099260224310996 ], [ 79.010843652331872, 21.100600213977209 ], [ 79.01084543198796, 21.100605064579305 ], [ 79.01084691526529, 21.100610002187317 ], [ 79.010848097377348, 21.100615010867799 ], [ 79.010848974509472, 21.100620074457904 ], [ 79.010849543831171, 21.100625176617609 ], [ 79.010940104556383, 21.101742322623323 ], [ 79.010940228596311, 21.101743459011114 ], [ 79.010941388101486, 21.101743111202335 ], [ 79.01136087212258, 21.101605837409739 ], [ 79.011365628426034, 21.101604409694783 ], [ 79.011370457246926, 21.101603215434483 ], [ 79.011375345582721, 21.101602257844597 ], [ 79.011380280270672, 21.101601539503623 ], [ 79.011385248023188, 21.101601062345836 ], [ 79.011390235463679, 21.101600827656057 ], [ 79.011395229162531, 21.101600836066261 ], [ 79.011400215673262, 21.101601087553782 ], [ 79.011405181568733, 21.10160158144145 ], [ 79.011410113477396, 21.101602316399386 ], [ 79.011414998119108, 21.101603290448569 ], [ 79.011419822341054, 21.101604500966207 ], [ 79.011424573153164, 21.101605944692743 ], [ 79.011429237762911, 21.10160761774068 ], [ 79.011433803609989, 21.101609515605023 ], [ 79.011438258399991, 21.101611633175409 ], [ 79.011442590137534, 21.101613964749895 ], [ 79.011446787158604, 21.101616504050263 ], [ 79.01145083816192, 21.101619244238982 ], [ 79.011454732239386, 21.101622177937571 ], [ 79.011458458905437, 21.101625297246496 ], [ 79.011462008125321, 21.101628593766435 ], [ 79.01146537034208, 21.101632058620869 ], [ 79.011468536502292, 21.101635682480037 ], [ 79.011471498080454, 21.101639455585996 ], [ 79.011474247101916, 21.101643367778959 ], [ 79.011476776164429, 21.101647408524592 ], [ 79.011479078457981, 21.101651566942422 ], [ 79.011481147783172, 21.101655831835114 ], [ 79.011482978567955, 21.101660191718633 ], [ 79.011484565882554, 21.101664634853165 ], [ 79.011485905452801, 21.101669149274713 ], [ 79.011713635241478, 21.102521608935735 ], [ 79.011713923457052, 21.102522592863551 ], [ 79.011714305260796, 21.102523548318572 ], [ 79.013022015752696, 21.105583557004913 ], [ 79.013023860239159, 21.105588244345753 ], [ 79.013025425631852, 21.105593020242345 ], [ 79.013488538569192, 21.107158849340738 ], [ 79.013490200301291, 21.107165408909761 ], [ 79.013623870631548, 21.107796996414237 ], [ 79.013624713206966, 21.107801596842609 ], [ 79.013625301336475, 21.107806231979513 ], [ 79.01362563344874, 21.107810889441254 ], [ 79.01362570865642, 21.10781555678447 ], [ 79.01362552675856, 21.107820221539402 ], [ 79.013625088241113, 21.107824871243213 ], [ 79.013624394275652, 21.107829493473282 ], [ 79.013540408994643, 21.10830042809922 ], [ 79.013540234778731, 21.108301592397112 ], [ 79.013540939403924, 21.108302564574 ], [ 79.014780344749525, 21.109919384329334 ], [ 79.014781233718224, 21.109920472534725 ], [ 79.014782256935817, 21.109921451387283 ], [ 79.016755555079627, 21.111697659461164 ], [ 79.016756627246195, 21.111698568015239 ], [ 79.016757807904909, 21.111699349208845 ], [ 79.017410476425084, 21.112104167735136 ], [ 79.017414563830116, 21.112106848256431 ], [ 79.017418497782657, 21.112109723843034 ], [ 79.017422267721017, 21.112112786774734 ], [ 79.017425863523854, 21.112116028828307 ], [ 79.01742927553731, 21.112119441299669 ], [ 79.017432494600968, 21.112123015027173 ], [ 79.017435512072424, 21.112126740416247 ], [ 79.018244047354159, 21.113180549835789 ], [ 79.018246908606386, 21.113184494814899 ], [ 79.018249543789793, 21.113188576104893 ], [ 79.018251945546638, 21.113192782310342 ], [ 79.018254107170932, 21.11319710168706 ], [ 79.018256022627114, 21.113201522174833 ], [ 79.018257686567011, 21.113206031431172 ], [ 79.0182590943447, 21.1132106168657 ], [ 79.01826024202947, 21.113215265675365 ], [ 79.018261126416803, 21.113219964880155 ], [ 79.018261745037421, 21.113224701359346 ], [ 79.01826209616398, 21.113229461888132 ], [ 79.018262178816087, 21.113234233174573 ], [ 79.018255208798379, 21.11387728827729 ], [ 79.018255222303495, 21.113878911494869 ], [ 79.018283288493464, 21.114900081340394 ], [ 79.01828331978048, 21.11490091838731 ], [ 79.018336041541133, 21.116016063506862 ], [ 79.018336230572658, 21.116018531630285 ], [ 79.018414624564087, 21.116757982991409 ], [ 79.018414986708663, 21.116762595142021 ], [ 79.018415096747745, 21.116767218640828 ], [ 79.018414954392711, 21.116771841362972 ], [ 79.018414560016893, 21.116776451185615 ], [ 79.01841391465446, 21.116781036019773 ], [ 79.018413019997837, 21.116785583841963 ], [ 79.018238405735559, 21.117561355472414 ], [ 79.018237212044781, 21.117566037724359 ], [ 79.018235754121903, 21.117570653633301 ], [ 79.018234036110343, 21.117575190080824 ], [ 79.018232062892693, 21.117579634174326 ], [ 79.018229840076799, 21.117583973283672 ], [ 79.018227373979897, 21.117588195077097 ], [ 79.018224671610611, 21.117592287556249 ], [ 79.018221740649096, 21.117596239090286 ], [ 79.018218589425146, 21.117600038448916 ], [ 79.018215226894512, 21.11760367483436 ], [ 79.018211662613524, 21.117607137911978 ], [ 79.018207906711879, 21.1176104178397 ], [ 79.018203969863862, 21.117613505295946 ], [ 79.018199863257991, 21.117616391506129 ], [ 79.018195598565285, 21.117619068267665 ], [ 79.017476784345561, 21.118044657993753 ], [ 79.017475721263864, 21.118045325211579 ], [ 79.017474784921347, 21.118046142698446 ], [ 79.017285665860555, 21.118220302629663 ], [ 79.017284828604687, 21.118221113534062 ], [ 79.017284631523339, 21.118222227331689 ], [ 79.01717183961776, 21.118976949280881 ], [ 79.017171027327649, 21.118981526170334 ], [ 79.017169965575022, 21.118986057871954 ], [ 79.017168657162671, 21.118990532422991 ], [ 79.017167105544488, 21.118994938011571 ], [ 79.017165314816395, 21.118999263007868 ], [ 79.017163289705536, 21.119003495994793 ], [ 79.017161035557763, 21.119007625798137 ], [ 79.017158558323544, 21.119011641516085 ], [ 79.017155864542204, 21.11901553254798 ], [ 79.017152961324811, 21.119019288622312 ], [ 79.017149856335195, 21.119022899823811 ], [ 79.017146557769891, 21.119026356619671 ], [ 79.017143074336389, 21.11902964988467 ], [ 79.017139415230247, 21.119032770925266 ], [ 79.01713559011074, 21.119035711502562 ], [ 79.017131609075349, 21.119038463854043 ], [ 79.017127482633228, 21.119041020714072 ], [ 79.015553762324799, 21.119962543719485 ], [ 79.015550805935376, 21.119964206600137 ], [ 79.012861233112019, 21.121416188298404 ], [ 79.012860126090089, 21.121416824075599 ], [ 79.012859467032825, 21.121417873228992 ], [ 79.012356212395261, 21.12227116166677 ], [ 79.012355632761626, 21.122272208471689 ], [ 79.012355491102213, 21.122274471099882 ], [ 79.012355047174154, 21.122279322858631 ], [ 79.012354325166015, 21.122284145111639 ], [ 79.012353327177124, 21.12228892383758 ], [ 79.012352056109236, 21.122293645141692 ], [ 79.012350515658099, 21.122298295296169 ], [ 79.012348710302774, 21.122302860780067 ], [ 79.012346645292538, 21.122307328318655 ], [ 79.012344326631663, 21.122311684921975 ], [ 79.011783392759398, 21.123298157566836 ], [ 79.011782831795699, 21.123299209456391 ], [ 79.011782644501977, 21.123300372479459 ], [ 79.010869366567206, 21.130186198135959 ], [ 79.010869227446094, 21.130187201133047 ], [ 79.010627127871686, 21.131859368355798 ], [ 79.010626294545617, 21.131864156019688 ], [ 79.01062518840547, 21.131868894792444 ], [ 79.010623812643104, 21.131873571000042 ], [ 79.010622171228306, 21.131878171148976 ], [ 79.010620268897483, 21.131882681965216 ], [ 79.010618111139905, 21.131887090432524 ], [ 79.010615704181888, 21.13189138382997 ], [ 79.010613054968871, 21.131895549768675 ], [ 79.00935117534074, 21.133763900100767 ], [ 79.009350533421156, 21.133764908014513 ], [ 79.009350581115697, 21.13376608130028 ], [ 79.00973002591482, 21.139291921114523 ], [ 79.009730127304962, 21.139292995863293 ], [ 79.009730391649597, 21.139294045924348 ], [ 79.011552643103443, 21.145828820182459 ], [ 79.011553038612362, 21.145830085822571 ], [ 79.011553663943388, 21.145831267078201 ], [ 79.012951934482871, 21.148289101283073 ], [ 79.012954187188342, 21.148293323045387 ], [ 79.012956201628427, 21.14829764948152 ], [ 79.012957972297556, 21.148302068767059 ], [ 79.012959494356309, 21.148306568823781 ], [ 79.01296076364477, 21.148311137352742 ], [ 79.012961776693913, 21.148315761867838 ], [ 79.01296253073491, 21.148320429729964 ], [ 79.012963023706959, 21.14832512818154 ], [ 79.012963254262672, 21.148329844381372 ], [ 79.012988931432929, 21.149553303268455 ], [ 79.012988885506445, 21.149558388225692 ], [ 79.012988534553273, 21.149563462696346 ], [ 79.012987879686122, 21.149568510590623 ], [ 79.012986922981383, 21.149573515902986 ], [ 79.012985667472464, 21.14957846276295 ], [ 79.012436326509913, 21.151500957351356 ], [ 79.012436033342183, 21.15150210246097 ], [ 79.012436131998641, 21.151503276491024 ], [ 79.012555519748645, 21.152567363192063 ], [ 79.012555895626306, 21.152571727297371 ], [ 79.012556045582002, 21.152576103363902 ], [ 79.012555969263218, 21.152580481105456 ], [ 79.012555666849337, 21.152584850231921 ], [ 79.012413263362888, 21.154080431829037 ], [ 79.012412731191759, 21.154084811572485 ], [ 79.012411971825927, 21.154089161737488 ], [ 79.012410987074674, 21.1540934719592 ], [ 79.012409779284297, 21.154097731967909 ], [ 79.01240835133251, 21.154101931613553 ], [ 79.012406706621562, 21.154106060889909 ], [ 79.012131067470904, 21.154749719197756 ], [ 79.01212902690952, 21.15475413954659 ], [ 79.0121267379931, 21.15475845153928 ], [ 79.012124207234024, 21.154762642907386 ], [ 79.012121441832775, 21.154766701725659 ], [ 79.012118449657407, 21.154770616445994 ], [ 79.012115239221217, 21.15477437593028 ], [ 79.0121118196585, 21.154777969482041 ], [ 79.012108200698577, 21.154781386876955 ], [ 79.012104392638022, 21.154784618391869 ], [ 79.012100406311532, 21.154787654832521 ], [ 79.012096253060918, 21.154790487559637 ], [ 79.012091944702988, 21.154793108513587 ], [ 79.012087493495841, 21.154795510237243 ], [ 79.010811875747095, 21.155441937721449 ], [ 79.010807305808939, 21.155444108242914 ], [ 79.010802619269228, 21.155446047672292 ], [ 79.010797829396154, 21.155447750518825 ], [ 79.010792949750467, 21.155449211961528 ], [ 79.010787994147066, 21.155450427862881 ], [ 79.010782976615872, 21.15545139478051 ], [ 79.010777911362212, 21.155452109976945 ], [ 79.010772812726429, 21.155452571427368 ], [ 79.010767695143429, 21.155452777825385 ], [ 79.010762573101758, 21.155452728586628 ], [ 79.010757461102557, 21.155452423850509 ], [ 79.010752373618558, 21.155451864479787 ], [ 79.010747325053075, 21.155451052058101 ], [ 79.010742329699269, 21.155449988885533 ], [ 79.0107374016996, 21.155448677972057 ], [ 79.010732555005873, 21.155447123029038 ], [ 79.010727803339705, 21.155445328458725 ], [ 79.010723160153645, 21.155443299341776 ], [ 79.010718638593147, 21.155441041422886 ], [ 79.010714251459333, 21.155438561094513 ], [ 79.010710011172719, 21.155435865378774 ], [ 79.010705929738094, 21.155432961907589 ], [ 79.010702018710504, 21.155429858901069 ], [ 79.010698289162548, 21.155426565144204 ], [ 79.010447900812864, 21.15519333907066 ], [ 79.010446998079203, 21.155192541439778 ], [ 79.010446024949474, 21.15519326255729 ], [ 79.01021484147283, 21.155374063706056 ], [ 79.01021299970327, 21.15537558029715 ], [ 79.009895367044251, 21.15565087518668 ], [ 79.009894332596588, 21.155651827606974 ], [ 79.00989342794216, 21.15565288995279 ], [ 79.009546898637581, 21.156086002350278 ], [ 79.009543874378721, 21.156089589322097 ], [ 79.009540660418523, 21.156093028073563 ], [ 79.009537264999253, 21.156096309785912 ], [ 79.009136545703996, 21.156464479022333 ], [ 79.009133048278343, 21.156467536478161 ], [ 79.009129393358279, 21.156470427290394 ], [ 79.009125589957137, 21.156473144330064 ], [ 79.009121647454378, 21.15647568089674 ], [ 79.009117575572517, 21.156478030735045 ], [ 79.009113384353142, 21.156480188050104 ], [ 79.00910908413212, 21.1564821475218 ], [ 79.009104685514131, 21.156483904317923 ], [ 79.008318561994997, 21.156776467556337 ], [ 79.008317434208777, 21.156776919405338 ], [ 79.008317531457692, 21.15677806617061 ], [ 79.008338973660344, 21.156968281331974 ], [ 79.008339368893573, 21.156972934901503 ], [ 79.008339507239953, 21.156977601412517 ], [ 79.008339388329773, 21.156982268394934 ], [ 79.008339012480761, 21.156986923377417 ], [ 79.008338380697239, 21.156991553920687 ], [ 79.008337494667487, 21.156996147650787 ], [ 79.008336356759159, 21.157000692292112 ], [ 79.008334970013024, 21.157005175700238 ], [ 79.00833333813479, 21.157009585894393 ], [ 79.008331465485213, 21.157013911089418 ], [ 79.008329357068476, 21.157018139727313 ], [ 79.00832701851877, 21.157022260508096 ], [ 79.008324456085262, 21.157026262420011 ], [ 79.008321676615424, 21.157030134768931 ], [ 79.008318687536658, 21.157033867206977 ], [ 79.008315496836559, 21.157037449760121 ], [ 79.008312113041427, 21.1570408728549 ], [ 79.008308545193614, 21.157044127343923 ], [ 79.008304802827325, 21.157047204530382 ], [ 79.00830089594308, 21.157050096191263 ], [ 79.008296834981053, 21.157052794599309 ], [ 79.00829263079315, 21.157055292543706 ], [ 79.008288294614019, 21.157057583349303 ], [ 79.008283838031033, 21.15705966089449 ], [ 79.008279272953303, 21.157061519627547 ], [ 79.008274611579864, 21.157063154581476 ], [ 79.008269866367101, 21.157064561387248 ], [ 79.008265049995416, 21.157065736285553 ], [ 79.008260175335352, 21.157066676136729 ], [ 79.00825525541326, 21.157067378429293 ], [ 79.008250303376414, 21.157067841286523 ], [ 79.008245332457932, 21.157068063471552 ], [ 79.008240355941325, 21.157068044390652 ], [ 79.00823538712514, 21.157067784094806 ], [ 79.008230439287289, 21.157067283279609 ], [ 79.008225525649692, 21.157066543283349 ], [ 79.008220659342783, 21.157065566083492 ], [ 79.007557928486136, 21.156915578031413 ], [ 79.007556703640802, 21.156915332549733 ], [ 79.007555559789338, 21.15691581117445 ], [ 79.007290747513082, 21.157034530385832 ], [ 79.007289713280898, 21.157035023130287 ], [ 79.007288705579811, 21.157035562081418 ], [ 79.007030916704764, 21.157181273104477 ], [ 79.00702674331589, 21.157183500887147 ], [ 79.007022456699715, 21.157185530690569 ], [ 79.004900278279962, 21.158128864680638 ], [ 79.004895701850373, 21.158130763902751 ], [ 79.004891026395271, 21.158132437480624 ], [ 79.004886264548134, 21.15813388089212 ], [ 79.004881429175882, 21.158135090237014 ], [ 79.004134858663662, 21.158302440278735 ], [ 79.004133711102256, 21.158302725845836 ], [ 79.004132673073144, 21.158303266401539 ], [ 79.003446736697995, 21.158681592171487 ], [ 79.003442119734999, 21.158683981484767 ], [ 79.003437370239126, 21.158686130087585 ], [ 79.003432502458821, 21.15868803153413 ], [ 79.003427530997428, 21.158689680120087 ], [ 79.003422470769337, 21.158691070899689 ], [ 79.003172308787143, 21.158752901235761 ], [ 79.003169909376439, 21.158753557224969 ], [ 79.002854546533143, 21.158848175752645 ], [ 79.002849652663983, 21.158849511185455 ], [ 79.002844690310354, 21.158850601793183 ], [ 79.002839673380862, 21.158851444519062 ], [ 79.002834615937005, 21.158852037001083 ], [ 79.002647203180558, 21.158869280100301 ], [ 79.002645907329153, 21.158869432806693 ], [ 79.002644655149538, 21.158869780996238 ], [ 79.002336586941155, 21.158964067335617 ], [ 79.002334431124652, 21.158964780704686 ], [ 79.002191194699833, 21.159015797590065 ], [ 79.002186270881509, 21.159017409584369 ], [ 79.002181261231399, 21.159018769101575 ], [ 79.002176180450306, 21.1590198721522 ], [ 79.002171043447731, 21.159020715499338 ], [ 79.002165865298181, 21.159021296668207 ], [ 79.002160661196882, 21.15902161395335 ], [ 79.002155446415244, 21.159021666423726 ], [ 79.002150236256028, 21.159021453925345 ], [ 79.002145046008394, 21.159020977081791 ], [ 79.002139890903081, 21.15902023729236 ], [ 79.002004196359167, 21.158997219897465 ], [ 79.002002903517237, 21.158997034710339 ], [ 79.002001671023095, 21.15899744506978 ], [ 79.001869630977154, 21.159045262850793 ], [ 79.001867784721014, 21.159045973058451 ], [ 79.001105359199698, 21.159356727529399 ], [ 79.001103068834524, 21.159357728892697 ], [ 79.000807918098445, 21.159495730463856 ], [ 79.000806722959879, 21.159496329412928 ], [ 79.000805753401224, 21.159497217343333 ], [ 79.000477681162309, 21.159815149167699 ], [ 79.000476732986186, 21.159816123615581 ], [ 79.000475981144035, 21.159817238623429 ], [ 79.000226689101154, 21.160212100477494 ], [ 79.000226315844458, 21.16021270222187 ], [ 78.999895007285119, 21.160756417759377 ], [ 78.999892370826473, 21.160760491109361 ], [ 78.999889508975798, 21.160764428332371 ], [ 78.999886429701917, 21.160768218465186 ], [ 78.999883141579062, 21.16077185095418 ], [ 78.999879653763003, 21.160775315684681 ], [ 78.999875975965566, 21.160778603009138 ], [ 78.999872118427589, 21.160781703773988 ], [ 78.999868091890363, 21.160784609345132 ], [ 78.99986390756581, 21.16078731163201 ], [ 78.999859577105184, 21.160789803110106 ], [ 78.999260415638474, 21.161114432349525 ], [ 78.99925622197739, 21.161116576156974 ], [ 78.999251920133617, 21.161118522233799 ], [ 78.999247520694254, 21.161120265790547 ], [ 78.99861262790364, 21.161354646702705 ], [ 78.998611415074734, 21.161355130852527 ], [ 78.998610232349762, 21.161355676614839 ], [ 78.997938152716983, 21.161687564147165 ], [ 78.997933736006132, 21.161689611571788 ], [ 78.997929213419141, 21.161691444371957 ], [ 78.99792459679945, 21.161693057748035 ], [ 78.997369459777275, 21.161872026106568 ], [ 78.997367162027743, 21.16187282881414 ], [ 78.996915721201304, 21.162042941283186 ], [ 78.996914882064544, 21.162043266139474 ], [ 78.99657917045478, 21.162176719180479 ], [ 78.996573151934655, 21.162178891632255 ], [ 78.99616087492673, 21.162313017762777 ], [ 78.996159716004016, 21.162313426546284 ], [ 78.996158745263244, 21.162314147472436 ], [ 78.995137159836077, 21.163113948549931 ], [ 78.995136231450743, 21.163114714607811 ], [ 78.995136144720576, 21.163115871586257 ], [ 78.99504320504586, 21.165085573785504 ], [ 78.99504287802452, 21.16509001864517 ], [ 78.994964438057053, 21.165874020141128 ], [ 78.994964345337962, 21.165875401369497 ], [ 78.994964343123954, 21.165876785331754 ], [ 78.994989162020261, 21.166674079916547 ], [ 78.99498923468083, 21.166675290910394 ], [ 78.994989841772394, 21.166676361833392 ] ] ] } }
]
}
